feature,category,CL — LightGBM,CL — RandomForest,CL — XGBoost,Direct — LGBM Dense,MIMO — RF,MIMO — XGB Dense,OL — LGBM-SS Daily,avg
y_lag1,Price lag,0.7005326000267004,0.1223014516463167,0.7656942982670316,0.021906586021505376,0.030727175351722886,0.05319102531591579,0.022698602982080877,0.24529310565875337
load_lag1,Load / Load-FC,0.22386301904404687,0.12319705193816115,0.07456322710417304,0.00437231182795699,0.03160209486653369,0.015568909319404224,0.05013750793314999,0.07475773171906085
y_roll24,Price rolling,0.0016653965410737752,0.0232742700222905,0.0021894208618005815,0.02945631720430108,0.3101090405213323,0.002464583200786383,0.021249089156853068,0.055772588215491095
hour_cos,Calendar / Time,0.030268722492368408,0.013201659608822136,0.04653553541652148,0.0054630376344086025,0.1564977336252592,0.01339388649203539,0.024336161844094994,0.041385248159072886
hour,Calendar / Time,0.003253895677960565,0.024831789674314077,0.003554625523789588,0.013834005376344088,0.14282418841675223,0.008489659526593172,0.03107444232893778,0.032551800932098786
hour_sin,Calendar / Time,0.003809939663791546,0.005391772990790877,0.010324844922328847,0.008956317204301076,0.12433943794014198,0.008185369636664091,0.029005946924288366,0.027144804183186683
y_lag24,Price lag,0.012923203768255549,0.0826942980032725,0.026795453332464567,0.01503427419354839,0.001388325249873875,0.003477716000686657,0.021907246785605152,0.02346007390481524
y_roll168,Price rolling,0.00016924528214708884,0.008715832548325926,0.00030484705012538016,0.053338037634408614,0.051642745853310044,0.0016095812616313521,0.02176621300801542,0.019649500376851977
y_lag2,Price lag,0.0019292053366011153,0.055160733743591664,0.0024860957318269565,0.008019489247311828,0.012676475892328357,0.01858204904393159,0.01979957533162526,0.01695051776103097
load_lag2,Load / Load-FC,0.00022912053457143847,0.052929867099623364,0.0034457776751339983,0.0016001344086021506,0.012552974804086493,0.01775176118388445,0.024163787227040875,0.01609620327613468
load_lag24,Load / Load-FC,0.0008889092264614147,0.08201535381368422,0.005564911629713267,0.002844758064516129,0.0013944426685492625,0.00246113288105078,0.011094657170392309,0.015180595064909626
y_lag168,Price lag,0.0007540914785749952,0.058095725932564915,0.002692706829035472,0.013815860215053766,0.0003963058230348442,0.0007117049709586723,0.015693925361790817,0.01316576008728764
load_lag3,Load / Load-FC,0.0001300701012209479,0.026201379346986867,0.0013264805062909095,0.0015665322580645164,0.006745343204837091,0.03829825113655524,0.01587413518871103,0.012877455963238086
dow,Calendar / Time,0.0011496865829077312,0.002819096526938864,0.00268232607589362,0.03250873655913979,0.013559308218461416,0.01608986264861409,0.018467589654388893,0.012468086609477774
load_lag12,Load / Load-FC,1.8672323905824698e-05,0.004569247734412295,0.002492847586943264,0.0015987903225806452,0.007335706815157913,0.04902723099338541,0.017057251878491567,0.01172853537926813
y_lag48,Price lag,0.00013350976445715955,0.046623168917354026,0.0003041446292521083,0.013602822580645163,0.0007330920563567622,0.002255663301264334,0.015897640818309317,0.01136429172394841
y_lag6,Price lag,0.0009235790637950135,0.004643106549210843,0.001060973041396927,0.009087365591397849,0.011764252467984019,0.029652886840887106,0.0201286541460013,0.011037259671524722
y_lag3,Price lag,0.0013129246790289054,0.022895035631475835,0.0020513646448396834,0.008770161290322582,0.006444663205579151,0.015555729249596672,0.01606218022549734,0.010441722703762882
load_lag6,Load / Load-FC,0.00013130371745917281,0.003933258644280733,0.0008560154490358973,0.0017217741935483873,0.011518893962577686,0.033283896674798155,0.020512579429440018,0.010279674581591436
y_lag12,Price lag,0.004019226205317233,0.004361159900028215,0.0046494463164032185,0.008799059139784947,0.007769389220746351,0.01896610387116074,0.01901605434501563,0.009654348428350905
load_lag168,Load / Load-FC,0.0001774071461175615,0.0480659965969136,0.0038308259676853133,0.002848118279569893,0.00039897288640517136,0.00052567386016063,0.008595225223107602,0.009206031422851396
load_lag48,Load / Load-FC,1.150915470551605e-05,0.04834301812051578,0.00018675771764984562,0.0023104838709677423,0.0007352463062371342,0.0021429201867098277,0.008046760532480863,0.008825242269895246
gen_solar_lag2,Solar gen lag,0.0033125893246865067,0.0118834037030286,0.005479099111165163,0.008227822580645163,0.0035265179145074154,0.0021737409564315897,0.0264203276684766,0.008717643036991575
residual_load_lag1,Residual load lag,0.0002470699039519407,0.016788462089558278,0.0008943616624319308,0.011705645161290324,0.000370779828732182,0.0019368168867793982,0.02268293256234868,0.007803724013584677
y_lag9,Price lag (intraday dense),0.0,0.0,0.0,0.00863709677419355,0.0,0.04237868688993806,0.0,0.007287969094875944
y_lag19,Price lag (intraday dense),0.0,0.0,0.0,0.009546370967741937,0.0,0.0404281106737499,0.0,0.007139211663070262
dow_sin,Calendar / Time,0.0002385838992707613,0.002227038814231063,0.0014315965457874188,0.016496639784946237,0.01504075390577438,0.005539192345916511,0.008697082951366852,0.007095841178184746
y_lag17,Price lag (intraday dense),0.0,0.0,0.0,0.009512096774193549,0.0,0.039857270826460144,0.0,0.007052766800093384
gen_solar_lag1,Solar gen lag,0.0013335348363436317,0.007623577543114225,0.0034032064591204853,0.00703225806451613,0.0042747825109677225,0.0012396800843340907,0.024422349152622053,0.007047055521574047
y_lag15,Price lag (intraday dense),0.0,0.0,0.0,0.009616263440860216,0.0,0.03787692054404862,0.0,0.006784740569272691
y_lag22,Price lag (intraday dense),0.0,0.0,0.0,0.008752688172043012,0.0,0.03625539499520609,0.0,0.006429726166749872
gen_wind_lag168,Wind gen lag,4.509980663956969e-05,0.00020628315695068742,0.00011584221868930972,0.030862231182795703,0.00046698721117454224,0.000504869747890614,0.01277139208173691,0.00642467220083962
gen_wind_lag24,Wind gen lag,5.697687319870713e-05,0.00028351388100272097,0.00014283374118884503,0.028087365591397854,0.00041945481061827746,0.0007380190695266282,0.013507901809149958,0.006176580825154714
w_gr_mean_temperature_2m,Other,0.0007787099377791121,0.0077513842776554,0.0018944761561029517,0.011437500000000001,0.0016199028187650604,0.002382977595366,0.01675951390357991,0.006089209241321205
gen_wind_lag48,Wind gen lag,5.919029420153072e-05,0.0002337569905815206,0.00012785270612765304,0.02891397849462366,0.0004629634288094912,0.0005705568889359566,0.012050552774056053,0.00605983593961941
y_lag20,Price lag (intraday dense),0.0,0.0,0.0,0.009315188172043012,0.0,0.03255456344702546,0.0,0.005981393088438354
y_lag21,Price lag (intraday dense),0.0,0.0,0.0,0.008560483870967743,0.0,0.032956968209051606,0.0,0.005931064582859907
dow_cos,Calendar / Time,8.84967509302901e-05,0.0009381298674176943,0.0005018554559126173,0.009875672043010753,0.007133535476894604,0.014065714755083473,0.007756857767435301,0.005765751730954962
y_lag16,Price lag (intraday dense),0.0,0.0,0.0,0.009464381720430109,0.0,0.030740403740643567,0.0,0.005743540780153382
y_lag4,Price lag (intraday dense),0.0,0.0,0.0,0.009605510752688173,0.0,0.030143551492368498,0.0,0.005678437463579524
y_lag13,Price lag (intraday dense),0.0,0.0,0.0,0.008889112903225808,0.0,0.029636810043792004,0.0,0.005503703278145402
residual_load_lag24,Residual load lag,6.661999801724542e-05,0.011859188001766193,0.00017869106802883856,0.011732526881720431,0.0005464691786723307,0.0010985404642500848,0.013029954007318085,0.005501712799967601
y_lag18,Price lag (intraday dense),0.0,0.0,0.0,0.00918212365591398,0.0,0.028716425250808853,0.0,0.005414078415246119
y_lag5,Price lag (intraday dense),0.0,0.0,0.0,0.009421370967741937,0.0,0.028238626288345583,0.0,0.005379999608012503
residual_load_lag12,Residual load lag,0.0005673518319197202,0.0027003490013353714,0.0007849864524246243,0.015952956989247313,0.0007727489064560394,0.0007314255567151103,0.015803618299916163,0.005330491005430621
y_lag8,Price lag (intraday dense),0.0,0.0,0.0,0.008856182795698926,0.0,0.02832200787498507,0.0,0.0053111700958119994
gen_solar_lag24,Solar gen lag,0.0011278035197177668,0.005554539393924788,0.003761432431548564,0.005807795698924732,0.0028644390190292043,0.0012914427917593838,0.01658713928652579,0.005284941734490033
y_lag23,Price lag (intraday dense),0.0,0.0,0.0,0.008020833333333335,0.0,0.028505647052308524,0.0,0.0052180686265202655
y_lag11,Price lag (intraday dense),0.0,0.0,0.0,0.00883736559139785,0.0,0.02745804640165433,0.0,0.0051850588561503114
y_lag7,Price lag (intraday dense),0.0,0.0,0.0,0.009020833333333334,0.0,0.025365339179776878,0.0,0.004912310359015745
w_larissa_temperature_2m,Other,0.00024902005962949207,0.005673918031830685,0.0008786108456890481,0.011944220430107528,0.0011828992941173096,0.0016422715571340002,0.012285609070038941,0.004836649898363858
residual_load_lag48,Residual load lag,5.434244478641119e-05,0.008215331523530767,0.00019858404334462788,0.012081317204301075,0.0004996962417921181,0.0006762380778667313,0.011055481121061828,0.004682998665240508
residual_load_lag6,Residual load lag,0.00016389394205399498,0.0010832812598505443,0.00030442868260711697,0.01275201612903226,0.000515306356773589,0.000657346528060584,0.016861371631839157,0.00461966350431675
gen_fc_dayahead,Other,0.0001327864842187395,0.0043596697769382325,0.0003279500175276447,0.01371236559139785,0.0004853784007210305,0.0006278415582790998,0.01264602872387937,0.004613145793280281
y_lag14,Price lag (intraday dense),0.0,0.0,0.0,0.009116935483870969,0.0,0.022635019193567182,0.0,0.004535993525348308
gen_solar_lag48,Solar gen lag,0.000578283625093605,0.004747302043993422,0.0018467225961748632,0.005047715053763441,0.0017486962353740114,0.0012519318632155016,0.016242390052417555,0.004494720210004628
residual_load_lag168,Residual load lag,5.6190489274090165e-05,0.005529013215232428,0.00014030914423663755,0.013078629032258066,0.00046506477565507116,0.0005066320024093433,0.011165174059187176,0.004420144674036116
y_lag10,Price lag (intraday dense),0.0,0.0,0.0,0.008770161290322582,0.0,0.021841615739589128,0.0,0.004373111004273102
gen_solar_lag168,Solar gen lag,0.0005501255632010194,0.005382259707784854,0.0009060832871077947,0.005282930107526882,0.0010219193633517396,0.0008942208653297944,0.016289401311614132,0.004332420029416603
gen_wind_lag1,Wind gen lag,4.956700644082324e-05,0.0003122911482451414,0.00018260390299408227,0.017743279569892474,0.0002826145533349557,0.0006796421710182656,0.010569698109363859,0.004259956637327086
w_patras_temperature_2m,Other,0.00010933830114678987,0.0025839501158785106,0.00048706451249981033,0.013303091397849463,0.000603196520869182,0.0011265911750431333,0.010969293812534768,0.004168932262260236
gen_wind_lag2,Wind gen lag,3.092666544618855e-05,0.0003319764564448063,0.00011523178773835792,0.017565860215053766,0.0002671024758370135,0.0005381694406172573,0.009433592678779901,0.004040408531416756
residual_load_lag2,Residual load lag,6.795551057585375e-05,0.006480291320917203,0.0002365779549104995,0.006241935483870968,0.00026131568429032376,0.0006859697742573438,0.014291422795759585,0.0040379240749402545
w_thessaloniki_temperature_2m,Other,0.00010505646635435915,0.0026959477432329957,0.0005005479955724116,0.012698252688172044,0.0007270696815840854,0.0016923562856386682,0.009598132085967923,0.0040024804209317835
w_athens_temperature_2m,Other,0.0001556680636878408,0.005143018507109318,0.0005314811148945766,0.009603494623655914,0.0006090284612016686,0.0009301846493320676,0.010749907936284074,0.003960397622309352
residual_load_lag3,Residual load lag,7.208118401397301e-05,0.0022116653843601494,0.00020936023018878528,0.008255376344086022,0.00031228285733809276,0.0006325385781854789,0.013390373661158514,0.003583382605618717
is_holiday,Calendar / Time,0.00015791850386547175,0.0006082570817770953,0.0018584035919077362,0.008790322580645162,0.0018191232916108613,0.008844742129657654,0.00291469807018781,0.0035704950356645416
wind_onshore_fc_dayahead,Other,2.6291717704154228e-05,0.00021188952199745713,0.0001060508908110144,0.01594959677419355,0.0002494793023922786,0.0003982566791676026,0.005884242609438294,0.003260829642243479
w_heraklion_temperature_2m,Other,4.053644351892025e-05,0.0010587353618218634,0.0001875572725469229,0.011610887096774195,0.0002797924531554072,0.0006812113555762726,0.008062430952213056,0.003131592990800948
w_gr_mean_cloud_cover,Other,4.3321663638311304e-05,0.00016483029854586116,0.00019469303624990224,0.011758736559139785,0.0004683222957232062,0.0012305538434174334,0.00666776359604792,0.0029326030418232027
w_larissa_relative_humidity_2m,Other,4.612405839953031e-05,0.0009475681931621531,0.0002975101789753609,0.00801209677419355,0.00048168913390007906,0.0008818337342341283,0.007224063496540755,0.002555840795629365
w_gr_mean_relative_humidity_2m,Other,4.4373141168606674e-05,0.0004119475101093753,0.00016897754923298337,0.007941532258064517,0.0004574867940463378,0.0005870543576473611,0.0075766479405150865,0.0024554313643977525
w_patras_relative_humidity_2m,Other,3.671137940017151e-05,0.00018038516384595175,0.0001812544167271725,0.008980510752688173,0.0002506161080253026,0.000630165845963048,0.0059312538686348715,0.002312985362183527
w_heraklion_relative_humidity_2m,Other,1.9914155885406914e-05,0.0002839741408089679,0.00011604282409532772,0.008819892473118282,0.00022323783236912763,0.00048061877924082154,0.004944017425506742,0.002126813947289239
w_patras_wind_gusts_10m,Other,2.5696538131810555e-05,0.00012763243789479332,0.00015993359308931343,0.008729838709677421,0.00017676121193712982,0.0007769119018328526,0.004795148438050913,0.0021131318329448904
solar_fc_dayahead,Other,8.5343434938387e-05,0.0007690111596903544,0.00018115993115165656,0.0042211021505376345,0.00028707745585568437,0.0003170566174349723,0.008657906902036371,0.0020740939502350087
w_athens_relative_humidity_2m,Other,2.9583583265776058e-05,0.00022219729699047376,0.00016972553214798325,0.007911962365591399,0.00026554108508670455,0.0004966443299474296,0.0052417554004184005,0.0020482013704925953
w_gr_mean_wind_gusts_10m,Other,3.16650018827057e-05,0.00022731572251674526,0.00020596622915384266,0.007340053763440861,0.00028293759702468135,0.0009680036909623372,0.005226084980686207,0.0020402895693810547
w_patras_wind_speed_10m,Other,2.0878509584766232e-05,0.0001346698412393132,0.00010197119632757364,0.007878360215053764,0.0001869288490310951,0.0005454315648211878,0.0051320624622930525,0.0020000432340501074
w_thessaloniki_wind_gusts_10m,Other,1.4849844801394023e-05,0.00012360180636133866,0.00013547776337616564,0.007262768817204303,0.00021456399912256024,0.0009490461839940498,0.004560092142068026,0.0018943429367039766
w_thessaloniki_relative_humidity_2m,Other,2.7405573444095288e-05,0.00032770869722588224,0.00014684515081734843,0.00694489247311828,0.0002576361082462861,0.0004504342980760825,0.0048108188577831055,0.0018522487369587257
w_thessaloniki_wind_speed_10m,Other,1.6017630669873722e-05,0.00012006657478207365,0.00012215506439780058,0.00669489247311828,0.0002310614984811943,0.000897785180525053,0.004849994907113587,0.001847424761298266
w_heraklion_wind_speed_10m,Other,1.7974717527313838e-05,0.00013304120294997942,0.00011789426407267129,0.006745295698924732,0.00013542185913863343,0.0004623734405788993,0.005069380783364282,0.0018116259952223588
w_gr_mean_wind_speed_10m,Other,2.3889288386257794e-05,0.00020667040460098496,0.0001441422929225766,0.006339381720430109,0.0003075286263726507,0.000907133148367842,0.0047089611295238545,0.0018053866586577535
w_larissa_cloud_cover,Other,1.7223061233238197e-05,9.81843560016241e-05,0.00011527562537831506,0.006395161290322581,0.0002952744901948358,0.0008641810568810195,0.0044425639940765815,0.0017468376962983135
w_heraklion_wind_gusts_10m,Other,1.9933282635529164e-05,0.0001334389767541844,0.0001331229144970204,0.0063534946236559154,0.00013044763998764503,0.0005302707149901262,0.004795148438050913,0.001727979512938762
w_athens_wind_gusts_10m,Other,1.8090648833453922e-05,0.00013471353006030883,0.0001758129032299792,0.005586693548387097,0.0001771821030802939,0.0005544800445471286,0.00499102868470332,0.0016625716375487972
w_gr_mean_shortwave_radiation,Other,0.00019344738952939455,0.0013123581538398686,0.0009455871925484523,0.0021115591397849465,0.0004567408723553842,0.0012181129818000752,0.0052887666596149775,0.001646653198496157
w_larissa_wind_gusts_10m,Other,1.966847082243619e-05,0.00026932495634200357,0.00011740197283292019,0.005410618279569893,0.00023670576146567378,0.0007168679431909307,0.004630609030862892,0.0016287423450123929
w_athens_wind_speed_10m,Other,2.2453646844694703e-05,0.00012932747355825271,0.00013675662920599262,0.0052177419354838715,0.00021005069981246013,0.0005082421778935827,0.004959687845238934,0.0015977514868625413
w_athens_cloud_cover,Other,2.619992346103501e-05,9.306420698162832e-05,0.00013763621962830286,0.005571908602150538,0.00019926774814735187,0.0007959768850027696,0.004199672488227597,0.0015748180105141748
w_heraklion_cloud_cover,Other,1.6110814419125187e-05,0.00012699505630015255,0.00016393862897962555,0.005890456989247312,0.00021761414621689374,0.0005474910221997432,0.0038940993034498428,0.0015509579944018134
w_patras_cloud_cover,Other,1.744128842072633e-05,9.064852691756556e-05,0.0001094074133922775,0.005774193548387097,0.00017481970726747066,0.0006812263343476896,0.0037373951061279178,0.0015121617035515349
w_larissa_wind_speed_10m,Other,1.68575210239357e-05,0.00015895914943078924,0.00010229211695588729,0.004811827956989248,0.00023574829936519966,0.00047092160181213985,0.004348541475683426,0.0014493068744658034
w_thessaloniki_cloud_cover,Other,1.2736930578924743e-05,8.37392946920966e-05,0.00010523428107110567,0.006050403225806453,0.00019000906648170018,0.000610580450530808,0.0029068628603217137,0.0014227951584975431
w_heraklion_shortwave_radiation,Other,5.3695658971854867e-05,0.0006038084460305502,0.00037519717085971355,0.0019361559139784948,0.00018580161604787954,0.0005412885842279244,0.006166310164617759,0.0014088939363905966
w_athens_shortwave_radiation,Other,7.934624552323986e-05,0.000672291055456084,0.0005451519393038777,0.0020530913978494625,0.00021634349292056946,0.0006848266303660305,0.00511639204256086,0.0013382061148543034
w_patras_shortwave_radiation,Other,2.885774648550432e-05,0.0006526150545911009,0.00021271917566367587,0.0023655913978494624,0.00017340532791302655,0.0005296677218214947,0.004826489277515298,0.001255620814548509
w_larissa_shortwave_radiation,Other,8.426388640540028e-05,0.0007687233306523628,0.00048246363395200936,0.0017405913978494627,0.0002576932535222423,0.0008306625003175673,0.0044974104631392555,0.0012374012094054716
w_thessaloniki_shortwave_radiation,Other,3.659344495402163e-05,0.0006189838273402884,0.00030124222096506023,0.0019569892473118283,0.0001675416745408793,0.0005365411140440794,0.004207507698093693,0.0011179141753214074
w_gr_mean_precipitation,Other,1.2904321994366643e-05,5.973084435719685e-05,0.00013356172745400223,0.002518817204301075,9.099913160064358e-05,0.0007164581345793538,0.002280046071034013,0.0008303596336172359
w_athens_precipitation,Other,8.405633986900135e-06,2.1666436942821892e-05,0.00030042126020296154,0.0011001344086021506,1.1451326343309907e-05,0.0011447626948707088,0.000861873085270589,0.0004926735494599203
w_larissa_precipitation,Other,2.6656318456762903e-06,1.7490213946295576e-05,0.00011387242799801711,0.0010813172043010754,2.187443435346796e-05,0.0009793449480187703,0.0007051688879486638,0.00041739053548742373
w_patras_precipitation,Other,2.4114616942608394e-06,2.1311246716278483e-05,9.263796269188445e-05,0.0012076612903225807,1.1902984006579746e-05,0.0005351236841341183,0.0006189815794216048,0.00035571860128390107
w_thessaloniki_precipitation,Other,2.3188853828986004e-06,1.5407363961094725e-05,9.236790100187792e-05,0.0012043010752688175,8.154989635458261e-06,0.0006595899155844335,0.0004701125919657758,0.00035032181754290806
w_heraklion_precipitation,Other,2.2828414045587608e-06,2.490761305310459e-05,0.00011765989095096183,0.0011250000000000001,8.855293942243539e-06,0.0004926476991783614,0.0006503224188859899,0.00034595367963074575
solar_fc_dayahead_missing,Other,6.885915473371068e-07,0.00018898879359522736,0.0002081114577164459,0.00015524193548387098,2.0141044405399455e-05,0.0006563903047331457,0.00026639713544727295,0.00021370846613267134
w_heraklion_temperature_2m_missing,Other,0.0,1.0169151566944861e-05,0.00043173694343639433,4.704301075268818e-06,1.9274808703121537e-06,0.0006591943890713316,3.134083946438505e-05,0.00016272472935494812
wind_onshore_fc_dayahead_missing,Other,3.284666707187875e-06,1.4881921380382196e-05,0.00010227926034015215,0.00035080645161290327,1.659990744641419e-05,0.00046181577844521944,0.00010969293812534769,0.00015133727486537238
gen_fc_dayahead_missing,Other,1.1222250331603536e-06,8.134973456722102e-06,0.00040304377108296734,6.720430107526883e-05,2.1113927863746106e-06,0.00041846776269294537,2.350562959828879e-05,0.00013194143653224677
w_heraklion_relative_humidity_2m_missing,Other,0.0,1.0617443532318288e-05,7.459017730651368e-05,0.0,1.8510710846160613e-06,0.0006710000935430767,1.5670419732192525e-05,0.00011053274359981674
w_patras_temperature_2m_missing,Other,0.0,1.2739518391404894e-05,0.0,3.3602150537634413e-06,2.9318468989890856e-06,0.0004061848026951608,1.5670419732192525e-05,6.298382896735868e-05
w_patras_relative_humidity_2m_missing,Other,0.0,1.3750694956112069e-05,0.0,0.0,2.868757304492393e-06,0.000325674750339969,4.701125919657758e-05,5.5615065971021576e-05
w_patras_precipitation_missing,Other,0.0,1.1115120292031843e-05,0.0,0.0,3.016800969899065e-06,0.00011625004245303973,7.835209866096263e-06,1.9745310511580988e-05
w_heraklion_precipitation_missing,Other,0.0,9.621017471818742e-06,0.0,0.0,1.9306912547656926e-06,9.52157188839791e-05,0.0,1.5252489658651934e-05
w_heraklion_cloud_cover_missing,Other,0.0,1.003589418058043e-05,0.0,0.0,2.196672886653236e-06,5.787435417896101e-05,0.0,1.0015274463742095e-05
w_gr_mean_temperature_2m_missing,Other,0.0,5.535657381516214e-06,0.0,0.0,1.254692624463973e-06,3.089987150766948e-05,0.0,5.38431735909281e-06
w_patras_cloud_cover_missing,Other,0.0,1.1544116492961189e-05,0.0,0.0,2.774746928988629e-06,7.392563934133535e-06,7.835209866096263e-06,4.220948174597088e-06
w_patras_wind_speed_10m_missing,Other,0.0,1.1935192016452313e-05,0.0,0.0,3.3329203340944956e-06,1.2930957995934629e-05,0.0,4.02843862092592e-06
w_athens_temperature_2m_missing,Other,0.0,6.784334248109366e-06,0.0,0.0,1.608884384527894e-06,1.4269578370952482e-05,0.0,3.2375424290842484e-06
w_patras_wind_gusts_10m_missing,Other,0.0,1.2849995302304938e-05,0.0,0.0,2.7831494062646643e-06,0.0,0.0,2.2333063869385146e-06
w_patras_shortwave_radiation_missing,Other,0.0,1.2009691513609244e-05,0.0,0.0,2.889987203948334e-06,0.0,0.0,2.128525531079654e-06
w_heraklion_shortwave_radiation_missing,Other,0.0,1.0542621062858024e-05,0.0,0.0,2.01967076362037e-06,0.0,0.0,1.7946131180683419e-06
w_heraklion_wind_speed_10m_missing,Other,0.0,1.0135416107819911e-05,0.0,0.0,1.8256061965580678e-06,0.0,0.0,1.708717472053997e-06
w_heraklion_wind_gusts_10m_missing,Other,0.0,9.759292299985187e-06,0.0,0.0,1.7980146187667127e-06,0.0,0.0,1.6510438455359856e-06
w_thessaloniki_wind_gusts_10m_missing,Other,0.0,8.190124615026365e-06,0.0,0.0,1.5544751644454597e-06,0.0,0.0,1.3920856827816891e-06
w_larissa_wind_speed_10m_missing,Other,0.0,8.399387559267738e-06,0.0,0.0,1.1767143837397455e-06,0.0,0.0,1.3680145632867834e-06
w_larissa_temperature_2m_missing,Other,0.0,8.408317964127043e-06,0.0,0.0,1.1223233476206953e-06,0.0,0.0,1.3615201873925342e-06
w_athens_wind_gusts_10m_missing,Other,0.0,7.878768057552232e-06,0.0,0.0,1.552316609545096e-06,0.0,0.0,1.3472978095853326e-06
w_athens_wind_speed_10m_missing,Other,0.0,8.127572673388339e-06,0.0,0.0,1.2831128398241715e-06,0.0,0.0,1.3443836447446442e-06
w_larissa_wind_gusts_10m_missing,Other,0.0,8.101322671811192e-06,0.0,0.0,1.2971432081768809e-06,0.0,0.0,1.342637982855439e-06
w_thessaloniki_cloud_cover_missing,Other,0.0,8.015989323608044e-06,0.0,0.0,1.3784749708932922e-06,0.0,0.0,1.342066327785905e-06
w_athens_precipitation_missing,Other,0.0,7.925607483027977e-06,0.0,0.0,1.3931510590645914e-06,0.0,0.0,1.3312512202989384e-06
w_athens_cloud_cover_missing,Other,0.0,7.630933324686032e-06,0.0,0.0,1.5676548822541426e-06,0.0,0.0,1.314084029562882e-06
w_thessaloniki_wind_speed_10m_missing,Other,0.0,7.38918613717565e-06,0.0,0.0,1.6145634924187842e-06,0.0,0.0,1.2862499470849194e-06
w_gr_mean_cloud_cover_missing,Other,0.0,7.687642801684859e-06,0.0,0.0,1.3120369383881662e-06,0.0,0.0,1.2856685342961465e-06
w_thessaloniki_relative_humidity_2m_missing,Other,0.0,7.5941725152346175e-06,0.0,0.0,1.3549215528266006e-06,0.0,0.0,1.278442009723031e-06
w_athens_shortwave_radiation_missing,Other,0.0,7.236144579051163e-06,0.0,0.0,1.3912496023416023e-06,0.0,0.0,1.2324848830561095e-06
w_gr_mean_shortwave_radiation_missing,Other,0.0,7.127945497941015e-06,0.0,0.0,1.3397786237948542e-06,0.0,0.0,1.2096748745336955e-06
w_larissa_cloud_cover_missing,Other,0.0,7.413180319355921e-06,0.0,0.0,1.0480969952920101e-06,0.0,0.0,1.2087539020925615e-06
w_thessaloniki_precipitation_missing,Other,0.0,7.06895690598291e-06,0.0,0.0,1.3855296566901518e-06,0.0,0.0,1.2077837946675803e-06
w_gr_mean_relative_humidity_2m_missing,Other,0.0,6.90531968045091e-06,0.0,0.0,1.2245453029024743e-06,0.0,0.0,1.1614092833361977e-06
w_thessaloniki_shortwave_radiation_missing,Other,0.0,6.759736341225713e-06,0.0,0.0,1.3673945502112142e-06,0.0,0.0,1.1610186987767038e-06
w_larissa_precipitation_missing,Other,0.0,6.886690174994708e-06,0.0,0.0,1.2307534813688543e-06,0.0,0.0,1.1596348080519377e-06
w_athens_relative_humidity_2m_missing,Other,0.0,6.627555935828994e-06,0.0,0.0,1.4743016572621427e-06,0.0,0.0,1.157408227584448e-06
w_thessaloniki_temperature_2m_missing,Other,0.0,6.605316497337276e-06,0.0,0.0,1.4841947145491804e-06,0.0,0.0,1.1556444588409224e-06
w_gr_mean_wind_gusts_10m_missing,Other,0.0,6.80789612702714e-06,0.0,0.0,1.0735819326527933e-06,0.0,0.0,1.1259254370971334e-06
w_gr_mean_precipitation_missing,Other,0.0,6.575544710131821e-06,0.0,0.0,1.1767761269047846e-06,0.0,0.0,1.1074744052909435e-06
w_larissa_shortwave_radiation_missing,Other,0.0,6.045370003654998e-06,0.0,0.0,1.1740167990938779e-06,0.0,0.0,1.031340971821268e-06
w_gr_mean_wind_speed_10m_missing,Other,0.0,5.441073669966054e-06,0.0,0.0,1.2702206824064615e-06,0.0,0.0,9.587563360532166e-07
w_larissa_relative_humidity_2m_missing,Other,0.0,4.989923144363619e-06,0.0,0.0,1.0845024265119065e-06,0.0,0.0,8.677750815536465e-07
