feature,category,CL — LightGBM,CL — RandomForest,CL — XGBoost,Direct — LGBM Dense,MIMO — RF (two-stage),MIMO — XGB Dense,OL — LGBM Daily-Opt,OL — XGB Dense+SS,avg
y_lag1,Price lag,0.882565187824128,0.11198068536724289,0.6328775562595927,0.0135,0.010078705223323521,0.048702096362954604,0.08865214676329783,0.1276474687518414,0.23950048081904762
y_roll24,Price rolling,0.0021177026659712876,0.057556615326465166,0.006101278279558126,0.014016129032258065,0.5157521249229811,0.0027319224572239617,0.0208526501031279,0.13987661421074749,0.09487562962479162
y_lag24,Price lag,0.04773935877949007,0.08480450416960218,0.05458189643502305,0.008695564516129033,0.0011261759762426638,0.010125375920749826,0.04654947300698242,0.18505477755414362,0.05483464079479535
y_lag2,Price lag,0.0032862557888446143,0.08438663051115407,0.018760467861846174,0.0098252688172043,0.003076977374299861,0.0284704277814546,0.051904554657785686,0.0630229235636229,0.03284168829452652
y_roll168,Price rolling,0.0011601792272291044,0.039768507679303566,0.0031017596661445483,0.01929301075268817,0.165524535333601,0.009801568140217841,0.013718848752057828,0.0030480995653545183,0.03192706363957457
y_lag168,Price lag,0.005584128116575787,0.05231907114832767,0.050946620509924066,0.010768145161290323,0.0007241741394829876,0.0038875158482121644,0.03799648040569947,0.040293398437501224,0.02531494172087671
y_lag48,Price lag,0.0026272331685053716,0.06333129840412817,0.007711707689946402,0.010756048387096774,0.0007507348945069052,0.0054278309282599765,0.026888943554033342,0.0545553381019551,0.021506141891054004
y_lag23,Price lag (intraday dense),0.0,0.0,0.0,0.008221102150537634,0.0,0.0202140447815571,0.0,0.12026723600240125,0.018587797866812
gas_lag168,Gas price lag,0.0009732945116051118,0.04719623585533089,0.004241907754551046,0.014886424731182797,0.04598458330553848,0.004545586591519289,0.018752247052812837,0.005233679345809245,0.017726744893543714
y_lag3,Price lag,0.0018771002607644988,0.032030921129405816,0.0023985867106604943,0.009384408602150538,0.0030288663340246992,0.029061640624638247,0.027002478854050372,0.008827097421926212,0.014201387492202608
gas_lag48,Gas price lag,0.0017476591098456497,0.03315522713488755,0.0034731180047302304,0.011071908602150538,0.01569927235800789,0.007444185120676499,0.012829488901924424,0.0019928879616578836,0.010926718399235083
gas_price,Gas price lag,0.0008528091618679852,0.02938411394029653,0.0015250762618792201,0.010346774193548387,0.02576384783456105,0.005409843024853099,0.009139591651370939,0.003338934629833641,0.010720123837276357
gas_lag24,Gas price lag,0.0006902850673012414,0.03522818364242534,0.004936693917844269,0.008837365591397849,0.0018715669251593563,0.014971991559447957,0.01158060060173709,0.0030432941733521163,0.010144997684833155
y_lag6,Price lag,0.001008664598412696,0.014208895928685718,0.001653333925831412,0.009203629032258064,0.005427214946472023,0.03267730694008149,0.014929891952239484,0.001116334541526114,0.010028158983188375
y_lag12,Price lag,0.0013340406759326606,0.014225502557433219,0.002322391023733781,0.008733198924731183,0.0045222224700378595,0.022894523590386382,0.0208526501031279,0.0018540809575317097,0.009592326287864337
hour_sin,Calendar / Time,0.002394238776297778,0.0042816360111225275,0.008399108931257759,0.005225134408602151,0.017338179413104466,0.007566868988083157,0.026283421953942513,0.0038948464699882735,0.009422929369049827
gas_lag2,Gas price lag,0.0001011137903821067,0.028767508995905647,0.008094504997476187,0.0020376344086021504,0.00871044620863138,0.016234369337360645,0.005241546350786232,0.005224826658435083,0.009301493843447427
gas_lag6,Gas price lag,0.0001747053892026823,0.028808549178031502,0.005153127685301706,0.003504032258064516,0.014494679339965748,0.013504262755395652,0.0056767650008515145,0.0027685232602953367,0.009260580608388582
gas_lag12,Gas price lag,0.00047752443963218,0.03555187449950777,0.004944580357007198,0.005720430107526882,0.007647784176644038,0.009230105417938976,0.006339054250950858,0.001490042885648195,0.008925174516857013
gas_lag1,Gas price lag,0.0003150823832708175,0.026468186740702542,0.005280737498020702,0.003502688172043011,0.012873618802703927,0.011837197396574324,0.004711714950706757,0.005619344242840835,0.008826071273357864
gas_lag3,Gas price lag,5.9190192557032616e-05,0.025954661777234028,0.003320833267306204,0.0022547043010752686,0.010688459905754169,0.015889802993068473,0.0035006717505251007,0.0060915485710958785,0.00846998409482702
hour_cos,Calendar / Time,0.0021330883611183774,0.001867321796653255,0.01621491379973245,0.0037311827956989247,0.011179979094976105,0.007845749230053855,0.018884704902832707,0.004292979216059867,0.008268739899640692
gen_fc_dayahead,Other,0.0025510597475602993,0.00433926429848939,0.0030686008588751926,0.01518481182795699,0.0023730198985378232,0.0023509054771332083,0.027059246504058887,0.0033630589130617477,0.007536245940709192
hour,Calendar / Time,0.0017320028901266539,0.003061130483210639,0.004720746766407454,0.008211693548387097,0.015547162911240383,0.008304581954458724,0.01368100365205215,0.0024395491366396315,0.007212233917815342
y_lag22,Price lag (intraday dense),0.0,0.0,0.0,0.008855510752688171,0.0,0.02793566564836677,0.0,0.019627630269485465,0.00705235083381755
dow,Calendar / Time,0.0011043485597145735,0.0010756754085459715,0.005696511539265716,0.014913978494623656,0.0027209254740706277,0.010622441216295936,0.0166139989024921,0.0031200295711225363,0.0069834886457663895
wind_onshore_fc_dayahead,Other,0.0012252917589864348,0.0015699291364208552,0.001689487633518598,0.01900470430107527,0.0013595187001088375,0.0024031283563202724,0.022669214903400382,0.0017484170486840834,0.006458711479814341
gen_solar_lag2,Solar gen lag,0.002235249614759689,0.0019259711937026941,0.006981255133478512,0.00551478494623656,0.006676016288784693,0.004636800633173946,0.018430563702764583,0.002410777320596953,0.006101427354187203
solar_fc_dayahead,Other,0.0022287456913392535,0.001484369941772058,0.0032536606986872415,0.006458333333333333,0.007423831815316843,0.002022934415561864,0.02073911480311087,0.002378081143771267,0.005748633980361591
y_lag19,Price lag (intraday dense),0.0,0.0,0.0,0.008916666666666666,0.0,0.033989073854276616,0.0,0.001262007023338941,0.005520968443035278
gen_wind_lag24,Wind gen lag,0.000684999722392406,0.0007527842853732976,0.0017014012277057821,0.02025470430107527,0.0008373519048285311,0.0034914194656568928,0.014135144852120272,0.001248928343061072,0.00538834176277669
y_lag13,Price lag (intraday dense),0.0,0.0,0.0,0.008975134408602151,0.0,0.0316188227315653,0.0,0.0012383433955726662,0.005229037566967514
y_lag4,Price lag (intraday dense),0.0,0.0,0.0,0.009558467741935485,0.0,0.02892539355516551,0.0,0.0021850545144846013,0.0050836144764482
residual_load_lag1,Residual load lag,0.0008970386302702534,0.0068728266939388745,0.002001397908943776,0.007271505376344085,0.0006310097159416751,0.001979999046283847,0.0171059852025659,0.003606685232814524,0.005045805975887867
co2_lag168,CO₂ price lag,0.00070020443849113,0.006684220476927924,0.0029306976039209275,0.015940860215053764,0.001310788350449497,0.0034179361465655604,0.006774272901016141,0.0020953576666738823,0.004981792224887353
y_lag8,Price lag (intraday dense),0.0,0.0,0.0,0.009346102150537635,0.0,0.02825415282193682,0.0,0.0013266589754898702,0.004865864243495541
y_lag11,Price lag (intraday dense),0.0,0.0,0.0,0.009190860215053763,0.0,0.027734272034900396,0.0,0.001923106051563792,0.004856029787689744
gen_wind_lag48,Wind gen lag,0.0008315272647311815,0.0009761527805862907,0.0018383708318262214,0.02077688172043011,0.0011986941544773573,0.002234746557422953,0.008874675951331202,0.0014393160696414427,0.004771295666305844
y_lag16,Price lag (intraday dense),0.0,0.0,0.0,0.008771505376344087,0.0,0.027859132116934658,0.0,0.0014659009072898889,0.004762067300071079
y_lag21,Price lag (intraday dense),0.0,0.0,0.0,0.009016129032258064,0.0,0.025951475737888776,0.0,0.002981806157046947,0.004743676365899223
y_lag14,Price lag (intraday dense),0.0,0.0,0.0,0.008495967741935484,0.0,0.02809076192241377,0.0,0.0012019795537671924,0.004723588652264556
y_lag9,Price lag (intraday dense),0.0,0.0,0.0,0.009690860215053764,0.0,0.026271200396604903,0.0,0.0016417865433493225,0.0047004808943759985
y_lag10,Price lag (intraday dense),0.0,0.0,0.0,0.009239247311827958,0.0,0.026026630383217234,0.0,0.001712968697035761,0.004622355799010119
y_lag15,Price lag (intraday dense),0.0,0.0,0.0,0.009056451612903227,0.0,0.02628421081265245,0.0,0.001432800420022216,0.0045966828556972365
y_lag20,Price lag (intraday dense),0.0,0.0,0.0,0.009428763440860216,0.0,0.023980727246925963,0.0,0.0014612360285911085,0.004358840839547161
y_lag17,Price lag (intraday dense),0.0,0.0,0.0,0.00900739247311828,0.0,0.02451457030046809,0.0,0.0011293564111228168,0.004331414898088648
y_lag7,Price lag (intraday dense),0.0,0.0,0.0,0.00934206989247312,0.0,0.022970991196793134,0.0,0.0013970858265135925,0.0042137683644724805
y_lag18,Price lag (intraday dense),0.0,0.0,0.0,0.008682123655913978,0.0,0.023552351277908733,0.0,0.0011821532081168918,0.00417707851774245
gen_wind_lag168,Wind gen lag,0.00045592795416226164,0.0009100656243696264,0.0010474256175679118,0.019102822580645162,0.0008546376842781796,0.001868479279485012,0.00772040040115806,0.0010779061902538394,0.004129708166490007
load_lag6,Load / Load-FC,0.0009272859942935926,0.0017041062783836334,0.002019333085347872,0.010314516129032258,0.0007585801703046449,0.0025438710531672758,0.01298086930194713,0.0014812049830209755,0.004091220874437172
residual_load_lag6,Residual load lag,0.0007635895332118249,0.0012542994245929968,0.001652395618384949,0.011730510752688172,0.0006788676282534465,0.001787264983940678,0.012659185951898877,0.001122047973104531,0.0039560202332594345
y_lag5,Price lag (intraday dense),0.0,0.0,0.0,0.009300403225806452,0.0,0.020411436177004097,0.0,0.001321850440273551,0.0038792112303855123
gen_solar_lag1,Solar gen lag,0.0013193601133124936,0.0018907358386182124,0.004146098415195038,0.003670698924731183,0.0033915019948235017,0.003530132298497873,0.010123564251518535,0.0024783475722467974,0.0038188049261179548
co2_lag48,CO₂ price lag,0.00035762889509572885,0.005553102216457891,0.0016603590080717125,0.011780241935483871,0.0014814854401592622,0.002816980180291732,0.00514693360077204,0.00133484809548156,0.0037664474214767246
w_patras_temperature_2m,Other,0.0005604487558864993,0.00145284410344224,0.0015870073473133737,0.010118951612903226,0.002654334817041636,0.002748696110042294,0.007909625901186443,0.001723449219972925,0.00359441973347358
residual_load_lag3,Residual load lag,0.0006626796429869025,0.001412485894937519,0.0018235043631502606,0.008186827956989247,0.0004496044369997975,0.0017584799452665502,0.01264026340189604,0.0013736943777894618,0.003538442502501972
gen_wind_lag1,Wind gen lag,0.0003602551354237166,0.0011983915394490957,0.001438224848254037,0.011145833333333332,0.0007614894591170116,0.002198591597133608,0.009234204401385131,0.0014007120476358084,0.0034672127952164672
load_lag12,Load / Load-FC,0.0006176349831862824,0.0009546213041483345,0.0015035953077822736,0.01124260752688172,0.0006878174981472133,0.002344722043478131,0.008477302401271595,0.0012995935753581176,0.0033909868300317086
co2_price,CO₂ price lag,0.00030226527435675923,0.00846917521913203,0.000762530854982364,0.009450940860215055,0.0005803502538115527,0.0013687249501271818,0.004654947300698242,0.0011726424248807794,0.003345197142275495
load_lag3,Load / Load-FC,0.000594397379768385,0.0011706087066579356,0.0017405174723529673,0.00791263440860215,0.0006249380198382158,0.0024216871701557502,0.010804776051620717,0.0012699851987522028,0.0033174430509685404
residual_load_lag12,Residual load lag,0.0006105865871493693,0.000818973518433205,0.0015203140605501296,0.013348790322580645,0.0009501719011029236,0.0020538951740984844,0.005865990500879899,0.0011955476067704212,0.003295533708945635
dow_sin,Calendar / Time,0.00017210883592546768,0.0007274244580983809,0.0022767198983073703,0.007963709677419354,0.0024581274372550816,0.00639757444530047,0.0041251159006187674,0.002130255257394753,0.0032813794887899556
residual_load_lag168,Residual load lag,0.0004931985997524436,0.0024546793074226685,0.00134333868235342,0.01072983870967742,0.0007932678106096724,0.0017470983541632006,0.006698582701004787,0.0015145908042631117,0.0032218243711558407
residual_load_lag24,Residual load lag,0.00042604340396587787,0.0028858401050791604,0.001040431618216967,0.009387096774193549,0.0008251306955117127,0.0018114477175773585,0.00783393570117509,0.0013079953861581894,0.003189740175234738
gen_wind_lag2,Wind gen lag,0.00034226140148688406,0.0011265185510636422,0.0013665063779629975,0.011442876344086023,0.000604825320334394,0.0018884289920299343,0.007304104301095616,0.0011954349167307313,0.003158869525598778
dow_cos,Calendar / Time,0.00019601861438736347,0.00041411459767131824,0.0017631532663840224,0.005280241935483871,0.0013761732211022262,0.009745168681966473,0.0035763619505364544,0.0027571639180300526,0.0031385495231952224
w_gr_mean_shortwave_radiation,Other,0.000689859819183193,0.0015559239630359436,0.0051958502436060304,0.0020073924731182796,0.0022408292801100226,0.002131403198768425,0.008855753401328364,0.002029273340299455,0.003088285714931214
co2_lag24,CO₂ price lag,0.0003022862780011105,0.0048954904339446464,0.0018311630939552136,0.008261424731182796,0.0011079782972918332,0.0024737506476664507,0.0038034325505705148,0.0014515977705683632,0.0030158904753976165
load_lag168,Load / Load-FC,0.00043789285078736905,0.0019282753843597247,0.0011692476100243993,0.00969758064516129,0.0010644568238101471,0.0023563520406203174,0.006187673850928151,0.0012533272127302122,0.003011850802302701
w_thessaloniki_temperature_2m,Other,0.0006813381587966801,0.0014075035860978925,0.002631404536852465,0.007155913978494624,0.000646554172680768,0.0028568587330848995,0.004371109050655666,0.0029595424236270283,0.002838778080036253
residual_load_lag48,Residual load lag,0.0003711323911177579,0.0015452783843183972,0.001028334320661232,0.010286290322580645,0.0008908169121712495,0.0016853380771582466,0.005279391450791909,0.0010798767525491218,0.0027708073264185703
w_patras_shortwave_radiation,Other,0.0003962617974545965,0.0018861547933168776,0.0030724611907517086,0.002824596774193548,0.0018325401806438817,0.002486175208468744,0.007341949401101292,0.002088453771928244,0.0027410741397323616
w_heraklion_temperature_2m,Other,0.000544639363341617,0.0013279469938210513,0.001463680803313699,0.009433467741935484,0.0006074121215900649,0.0019716935990337203,0.0048441728007266255,0.0012529118428318505,0.002680740658324264
gen_solar_lag24,Solar gen lag,0.00044930363525272284,0.001922715988957591,0.0025216987012328944,0.0031377688172043007,0.0016842769224342513,0.0021326073794318244,0.006187673850928151,0.0027940722343351445,0.00260376469122211
load_lag1,Load / Load-FC,0.0003857215579841611,0.0018766564864726837,0.0015378945194865613,0.006571908602150537,0.0004833704464580626,0.0022922039156380047,0.00632013170094802,0.0011358847500130419,0.002575471497393884
w_gr_mean_wind_gusts_10m,Other,0.00045899303716809075,0.001144205824813028,0.0012867351110225536,0.008560483870967741,0.0004380450954379857,0.0014438870581626928,0.005638919900845838,0.001425340525659264,0.002549576303009649
load_lag2,Load / Load-FC,0.0004191199664368739,0.0012414084283605387,0.0016789147945250758,0.0063561827956989244,0.0005170248589528914,0.0023700588579603564,0.006622892500993434,0.00116127621411101,0.0025458598021298883
w_gr_mean_cloud_cover,Other,0.0003204166876509848,0.0006501139682478289,0.0008146301431166011,0.011076612903225806,0.0007348112608527692,0.0015689365915776878,0.00408727080061309,0.0010293762479443916,0.002535271075403645
w_patras_wind_gusts_10m,Other,0.000362205729613658,0.0006113499275265188,0.0013720845342415,0.009834677419354839,0.0003804002324225317,0.0015889872386300231,0.004806327700720949,0.0011274814258136765,0.002510439276040462
residual_load_lag2,Residual load lag,0.00031860056497183656,0.0030224977972118953,0.0012086621107110186,0.0061586021505376344,0.000430648554437463,0.0016561553952815105,0.005809222850871383,0.001438867754204618,0.0025054071472784202
w_heraklion_wind_speed_10m,Other,0.0004887078957374799,0.0008636725685712177,0.0012497333177587569,0.008655913978494623,0.0006877441766086726,0.0015670731849138553,0.0048441728007266255,0.001437281711745179,0.002474287454319551
load_lag48,Load / Load-FC,0.0003585643533333453,0.001071451098584165,0.001370375324572893,0.008725806451612902,0.0007157529944559685,0.001812122858522108,0.00421972865063296,0.001196603959477185,0.0024338007113989405
w_larissa_temperature_2m,Other,0.0002680350361150365,0.0009560889922656103,0.001910028649737657,0.008028225806451614,0.0006104409710562624,0.001878361666826582,0.004522489450678373,0.0012799872546820053,0.0024317072284766425
w_patras_wind_speed_10m,Other,0.00031999491596910643,0.0005884101848313773,0.000991722053044565,0.009981182795698925,0.0003562493587577807,0.0014150538575007183,0.004957708100743656,0.0008081417184748182,0.0024273078731276185
w_athens_relative_humidity_2m,Other,0.00032620203969627984,0.0008189276352106635,0.0017051945043603178,0.008141801075268818,0.0006482874583203239,0.0023607469808697257,0.004030503150604575,0.0012528765689867824,0.0024105674266646855
co2_lag12,CO₂ price lag,0.00018436056310040078,0.00361239281518657,0.0014299041799626586,0.0060194892473118275,0.0005483856661305641,0.002341420369196372,0.0035195943005279394,0.0015751377190384728,0.0024038356075568503
w_larissa_shortwave_radiation,Other,0.000375472601901527,0.001414856495423069,0.00394598374672584,0.0021875,0.0007395433636714973,0.002226849701266115,0.006357976800953696,0.0018629456356848886,0.002388891043203329
w_gr_mean_wind_speed_10m,Other,0.0003822721751798554,0.0009847584514818166,0.0010499716205274838,0.008512768817204301,0.00035792731528441003,0.001259365737670142,0.004711714950706757,0.0014998508772224568,0.002344828743159653
w_patras_relative_humidity_2m,Other,0.0003039413986482711,0.000668269966811231,0.0011474894710602034,0.010275537634408603,0.00047670199742056753,0.0014800757400896154,0.0033871364505080703,0.0008147297784294658,0.002319235304672003
w_heraklion_wind_gusts_10m,Other,0.0005112006606846051,0.0008465058168025458,0.0014164604228627806,0.00760752688172043,0.0005898771533702931,0.0018014024288238793,0.004162961000624444,0.001511120579683442,0.0023058818680715527
w_thessaloniki_wind_speed_10m,Other,0.00042009543205949717,0.000676505713573164,0.0012548619945024213,0.008122983870967743,0.000484339497633921,0.0015669713021066512,0.004863095350729464,0.0010540453549181073,0.002305362314561371
w_athens_temperature_2m,Other,0.0004587370646561372,0.0012203502041292418,0.0013758116869965827,0.007174059139784947,0.0005951578671439653,0.0020667935646541073,0.0042386512006357974,0.001228838665933727,0.0022947999242418134
w_thessaloniki_wind_gusts_10m,Other,0.0005362037860812207,0.0007470407908187653,0.0017577648670704996,0.007549731182795698,0.00046754249880241814,0.0017647087760456338,0.004352186500652828,0.001177724768953866,0.0022941128964026163
w_heraklion_relative_humidity_2m,Other,0.00035878521930562463,0.0007459371586832812,0.0012825765231066035,0.008603494623655913,0.0005203085711340913,0.001700345840545466,0.003765587450564838,0.0012384546886283932,0.0022769362594530266
co2_lag1,CO₂ price lag,8.102590613345567e-05,0.007441883052908173,0.0015085689193251083,0.0032506720430107525,0.00046648160104164623,0.0020767303931348248,0.00198686775029803,0.0013965993268484432,0.002276103624087554
w_athens_wind_gusts_10m,Other,0.00045397559059499084,0.0009536223180854211,0.0017805121869742236,0.0065766129032258066,0.0005122304487716978,0.0019484805637788908,0.0038412776505761916,0.002068174221397248,0.002266860735425559
load_lag24,Load / Load-FC,0.0003080942141939706,0.001404247158420911,0.0011181150928813721,0.007225806451612903,0.0004265448555602534,0.0016249034650533344,0.004692792400703919,0.001154141234934809,0.0022443306091701836
w_gr_mean_relative_humidity_2m,Other,0.0002860503195896281,0.0008126466783951121,0.001066531466389084,0.008279569892473118,0.0005402763740743378,0.0015733886092881687,0.0038791227505818684,0.00112281375314697,0.002195049980492286
w_larissa_wind_speed_10m,Other,0.0003717019031763321,0.0005218056675961487,0.0009925622223796921,0.0083622311827957,0.0002921018392783481,0.0012125726193590578,0.004503566900675535,0.001134687301926005,0.0021739037046483523
gen_solar_lag48,Solar gen lag,0.00030114311745116893,0.0019401308840891105,0.0018729462970752309,0.003504032258064516,0.0011358790659556283,0.0019816537493834645,0.004768482600715273,0.0018302876430875273,0.00216681945197774
w_athens_wind_speed_10m,Other,0.00046976911010853913,0.0007840131805665064,0.0013047344322657316,0.006673387096774194,0.00043798303083078516,0.0012509322650976031,0.004749560050712434,0.0015337717433224602,0.0021505188637097818
w_gr_mean_temperature_2m,Other,0.00027065816552839726,0.0015221747258511258,0.0015967132414491027,0.006364247311827957,0.000663073074492715,0.001269702159310071,0.003727742350559161,0.0015294969723953754,0.002117976000176738
w_thessaloniki_relative_humidity_2m,Other,0.0002901057640109911,0.0006706349161460706,0.001310803744762178,0.007605510752688172,0.0006490628258266865,0.0017282959073169895,0.003216833500482525,0.0012339078550744947,0.002088144408288514
w_larissa_relative_humidity_2m,Other,0.00032067201309525414,0.0007257872716477707,0.001239834523444518,0.0077668010752688175,0.00041400298018380105,0.0014881196748761734,0.0033871364505080703,0.0011156048502360548,0.0020572448549075577
w_larissa_wind_gusts_10m,Other,0.00033187107632336735,0.0006677901379052777,0.0014311019771483483,0.00757728494623656,0.0003513651294861325,0.0013598164496936493,0.003178988400476848,0.0014612756098033963,0.0020449367158841976
gen_solar_lag168,Solar gen lag,0.0002630696605486351,0.001183740767482218,0.0015648819180273923,0.0036223118279569894,0.0011612606095422117,0.002221026420230096,0.0046171022006925655,0.0013369602188184363,0.001996294202912318
co2_lag3,CO₂ price lag,3.755419693329664e-05,0.007554309172884289,0.0007246788806662693,0.002234543010752688,0.0004277054134848346,0.002308403136464319,0.0013056559501958484,0.0012922133090810623,0.001985632883807826
w_larissa_cloud_cover,Other,0.000250202451927394,0.0003915136752248509,0.0009884358815062568,0.0074919354838709675,0.00036695878325359086,0.0016478425459573126,0.0029897629004484645,0.0012020949213594784,0.0019160933304435393
w_heraklion_relative_humidity_2m_missing,Other,0.0,0.00011004151145918552,0.0003098882869064737,1.3440860215053763e-06,6.703549509529293e-05,0.004921510722732285,0.0,0.009899639310177078,0.0019136824265489777
co2_lag6,CO₂ price lag,8.044946926122302e-05,0.004085631563828622,0.001321501963050966,0.003532258064516129,0.00045804892547478856,0.0023541755592076095,0.001967945200295192,0.0014635588636757524,0.001907946201163785
w_patras_cloud_cover,Other,0.0002172104248975723,0.00039024064338599544,0.0009564188756556248,0.007610887096774194,0.00043533581407718014,0.0014307499240397595,0.0032357560504853635,0.000971709448439621,0.001906038534719414
co2_lag2,CO₂ price lag,3.124911447342726e-05,0.006165413526237501,0.0013171948291918782,0.0019301075268817205,0.0004396918109908999,0.002286536628704932,0.0010028951501504344,0.0015009540288919846,0.0018342553269403473
w_heraklion_cloud_cover,Other,0.00031738198484255185,0.0003681610604151576,0.0010659209844723033,0.006543682795698925,0.00030250421888129345,0.0016363099496325255,0.0029329952504399495,0.0010130910238098881,0.0017725059085240743
w_heraklion_shortwave_radiation,Other,0.00023257561839677316,0.0006837737170710528,0.0017976706403903787,0.002544354838709677,0.000907328910796554,0.0019554933183429336,0.004427876700664182,0.0014508145282263853,0.0017499860340747422
w_thessaloniki_cloud_cover,Other,0.00021248492320744979,0.00034365130107284666,0.0008788225378551994,0.006284274193548387,0.00036184351038156545,0.0015913749823186576,0.0031411433004711717,0.0010732966088369317,0.0017358614197115264
w_thessaloniki_shortwave_radiation,Other,0.00020354393653937758,0.0005474837158572255,0.0016194070103074953,0.0019549731182795698,0.0007105319960093135,0.003209491230512442,0.002762692300414404,0.001433265615681928,0.0015551736154502196
w_athens_cloud_cover,Other,0.00018752964860998072,0.00030386478466067085,0.0009030302878973703,0.005404569892473118,0.0002736089179143966,0.0013460615067455506,0.002762692300414404,0.0009030810978530589,0.0015105548045710687
w_athens_shortwave_radiation,Other,0.00018932629430040314,0.0005115242981641627,0.0015689732178907302,0.0018951612903225807,0.0005707784152254612,0.0024448881661262773,0.0032546786004882017,0.001246845672802751,0.0014602719944150709
load_fc,Load / Load-FC,2.374999333649856e-05,0.001465331962494658,0.0010034155058693097,0.0012540322580645161,0.00042538058128359027,0.002136798590446612,0.0022517834503377673,0.001032064394335386,0.0011990695920210423
w_heraklion_precipitation_missing,Other,0.0,0.00024841595675513414,0.0,0.0,4.583895678136757e-05,0.00033425713594586245,0.0,0.008499713298851174,0.0011410281685416922
w_heraklion_temperature_2m_missing,Other,0.0,0.000103393545009652,0.0023357375740448508,6.720430107526881e-07,7.167197299671197e-05,0.003491315033839253,0.0,0.002257582196558165,0.0010325465456824231
solar_fc_dayahead_missing,Other,1.6937695781495266e-05,0.0002484406454791137,0.00038358372209277853,0.0001827956989247312,7.296154558408271e-05,0.0022884959249091633,0.000643366700096505,0.004317332837488583,0.0010192393462945565
w_gr_mean_precipitation,Other,0.00013277229824465984,0.00021863670089335052,0.0011945429119480664,0.002584005376344086,0.00010091400217717314,0.0011675442990854658,0.0012110432001816564,0.0010803797831911678,0.0009612298215082032
w_heraklion_cloud_cover_missing,Other,0.0,0.00011495978690388219,0.0,0.0,6.192962512371115e-05,0.0008979208285288014,0.0,0.005344028971699767,0.0008023549015320202
w_athens_temperature_2m_missing,Other,0.0,6.0481991610470316e-05,0.0,6.720430107526881e-07,2.6077458492213025e-05,0.0025623740385810477,0.0,0.003308418679313032,0.0007447530263759394
is_holiday,Calendar / Time,1.1074854630010355e-05,1.935503952102515e-05,0.0012679320584381372,0.001165994623655914,6.015044967347377e-06,0.0024895752003385443,0.0003216833500482525,0.0004883376303835595,0.0007212459752478489
w_patras_precipitation,Other,4.802885552743336e-05,0.00014957977467440557,0.0011489783065357392,0.0013024193548387096,5.336558593029798e-05,0.001405959827427529,0.0007379794501106969,0.0005179625961740362,0.000670534218902356
w_larissa_precipitation,Other,2.148502345122351e-05,6.448553393708385e-05,0.001432864621446971,0.000985215053763441,1.576383299850229e-05,0.00185378095529325,7.569020001135352e-05,0.0005453016305395608,0.0006243233564301732
w_thessaloniki_precipitation,Other,1.7504809603416023e-05,6.694505582292212e-05,0.0008602003364640932,0.0010201612903225805,3.70714037403374e-05,0.0017709151774731409,0.00011353530001703029,0.0006739453435035245,0.0005700348396183807
w_heraklion_wind_speed_10m_missing,Other,0.0,0.00018041220401913052,0.0,0.0,6.414119510968456e-05,3.0055595472253615e-05,0.0,0.003844783454194654,0.0005149240560994653
w_athens_precipitation,Other,8.581287480181034e-06,4.655225674485255e-05,0.0009392284662352446,0.0005551075268817204,1.778720447349578e-05,0.0015614425918469889,7.569020001135352e-05,0.000692098742650348,0.00048706103454052317
w_athens_relative_humidity_2m_missing,Other,0.0,7.168301645593844e-05,0.0,0.0,3.018310898754659e-05,0.000558174287045557,0.0,0.003088198360200669,0.00046852984658621386
w_heraklion_precipitation,Other,1.0348941410826396e-05,5.6660773051815056e-05,0.0009113042154393995,0.0008333333333333333,2.4835633227663568e-05,0.001272570885018233,1.892255000283838e-05,0.000535233625325167,0.0004579012446011595
wind_onshore_fc_dayahead_missing,Other,5.246445023505866e-07,0.00024900054287495493,0.0005803132951089499,6.78763440860215e-05,3.3522572249342624e-06,0.0006619284153363081,0.0,0.0,0.00019537443739168993
load_pred_h09,Other,0.0,0.0,0.0,0.0,0.0013263246702094958,0.0,0.0,0.0,0.00016579058377618697
gen_fc_dayahead_missing,Other,0.0,3.0271641047216473e-06,0.0003882226104984614,0.00013172043010752687,1.0321114396998694e-06,0.0007263514811680392,0.0,0.0,0.00015629422466480612
load_pred_h10,Other,0.0,0.0,0.0,0.0,0.0011616406255723652,0.0,0.0,0.0,0.00014520507819654565
load_pred_h11,Other,0.0,0.0,0.0,0.0,0.0011556879221491132,0.0,0.0,0.0,0.00014446099026863915
load_pred_h08,Other,0.0,0.0,0.0,0.0,0.0011321904394335195,0.0,0.0,0.0,0.00014152380492918993
load_pred_h06,Other,0.0,0.0,0.0,0.0,0.0010815491981614079,0.0,0.0,0.0,0.00013519364977017598
load_pred_h05,Other,0.0,0.0,0.0,0.0,0.0010778771091749639,0.0,0.0,0.0,0.00013473463864687048
load_pred_h19,Other,0.0,0.0,0.0,0.0,0.0010442017238080595,0.0,0.0,0.0,0.00013052521547600744
load_pred_h04,Other,0.0,0.0,0.0,0.0,0.001032706551217306,0.0,0.0,0.0,0.00012908831890216324
load_pred_h17,Other,0.0,0.0,0.0,0.0,0.0010022592531862822,0.0,0.0,0.0,0.00012528240664828527
load_pred_h18,Other,0.0,0.0,0.0,0.0,0.0009948267369830845,0.0,0.0,0.0,0.00012435334212288556
load_pred_h20,Other,0.0,0.0,0.0,0.0,0.0009661234619116575,0.0,0.0,0.0,0.00012076543273895719
load_pred_h07,Other,0.0,0.0,0.0,0.0,0.0009600046499165018,0.0,0.0,0.0,0.00012000058123956272
load_pred_h21,Other,0.0,0.0,0.0,0.0,0.0009496577249306917,0.0,0.0,0.0,0.00011870721561633646
load_pred_h12,Other,0.0,0.0,0.0,0.0,0.0009139154572505403,0.0,0.0,0.0,0.00011423943215631754
load_pred_h16,Other,0.0,0.0,0.0,0.0,0.0008992739906522603,0.0,0.0,0.0,0.00011240924883153254
load_pred_h03,Other,0.0,0.0,0.0,0.0,0.0008992564639858838,0.0,0.0,0.0,0.00011240705799823547
load_pred_h15,Other,0.0,0.0,0.0,0.0,0.0008816162350696105,0.0,0.0,0.0,0.00011020202938370131
load_pred_h22,Other,0.0,0.0,0.0,0.0,0.0008646247363689813,0.0,0.0,0.0,0.00010807809204612267
load_pred_h13,Other,0.0,0.0,0.0,0.0,0.0008446070695820315,0.0,0.0,0.0,0.00010557588369775393
load_pred_h14,Other,0.0,0.0,0.0,0.0,0.0008388888854052314,0.0,0.0,0.0,0.00010486111067565393
load_pred_h24,Other,0.0,0.0,0.0,0.0,0.0008145603190129407,0.0,0.0,0.0,0.00010182003987661759
load_pred_h23,Other,0.0,0.0,0.0,0.0,0.0008067675293555376,0.0,0.0,0.0,0.0001008459411694422
load_pred_h02,Other,0.0,0.0,0.0,0.0,0.0007280252729622123,0.0,0.0,0.0,9.100315912027653e-05
load_pred_h01,Other,0.0,0.0,0.0,0.0,0.0005828514134274931,0.0,0.0,0.0,7.285642667843664e-05
w_patras_precipitation_missing,Other,0.0,6.82998382847019e-05,0.0,0.0,5.2227554936411044e-06,2.295047020274578e-05,0.0,0.00032983236657420183,5.328817881941133e-05
w_heraklion_shortwave_radiation_missing,Other,0.0,0.00034077446547000376,0.0,0.0,7.239142535234045e-05,0.0,0.0,0.0,5.164573635279303e-05
w_patras_temperature_2m_missing,Other,0.0,9.979165245228837e-05,0.0,6.720430107526881e-07,4.965109293203021e-06,7.758953600887421e-05,0.0,0.00017985844017174467,4.535959761710787e-05
w_athens_precipitation_missing,Other,0.0,7.030383135733059e-05,0.0,0.0,2.341881941011173e-05,0.0001938679887865085,0.0,0.0,3.594882994424385e-05
w_heraklion_wind_gusts_10m_missing,Other,0.0,0.00018847875121129261,0.0,0.0,6.300170688500012e-05,0.0,0.0,0.0,3.143505726203659e-05
w_athens_wind_speed_10m_missing,Other,0.0,0.00012378702689525202,0.0,0.0,2.6273764569117684e-05,0.0,0.0,0.0,1.875759893304621e-05
w_thessaloniki_temperature_2m_missing,Other,0.0,0.00011544137994294563,0.0,0.0,2.346285133946763e-05,0.0,0.0,0.0,1.736302891030166e-05
w_thessaloniki_relative_humidity_2m_missing,Other,0.0,0.00010828173909111169,0.0,0.0,2.5007349149858717e-05,0.0,0.0,0.0,1.6661136030121302e-05
w_thessaloniki_precipitation_missing,Other,0.0,9.831907563082515e-05,0.0,0.0,2.6670289296075648e-05,0.0,0.0,0.0,1.56236706158626e-05
w_athens_wind_gusts_10m_missing,Other,0.0,7.036705280615558e-05,0.0,0.0,3.163410929489816e-05,0.0,0.0,0.0,1.2750145262631718e-05
w_thessaloniki_cloud_cover_missing,Other,0.0,7.069474542322805e-05,0.0,0.0,2.98719721189601e-05,0.0,0.0,0.0,1.257083969277352e-05
w_thessaloniki_wind_gusts_10m_missing,Other,0.0,6.850397469263366e-05,0.0,0.0,2.282488794009714e-05,0.0,0.0,0.0,1.141610782909135e-05
w_athens_cloud_cover_missing,Other,0.0,6.408651666071619e-05,0.0,0.0,2.7196253493285687e-05,0.0,0.0,0.0,1.1410346269250235e-05
w_thessaloniki_wind_speed_10m_missing,Other,0.0,6.02840359183233e-05,0.0,0.0,2.8315578814294636e-05,0.0,0.0,0.0,1.1074951841577243e-05
w_thessaloniki_shortwave_radiation_missing,Other,0.0,6.26349753033735e-05,0.0,0.0,2.5684546560173466e-05,0.0,0.0,0.0,1.1039940232943371e-05
w_athens_shortwave_radiation_missing,Other,0.0,5.956746265569469e-05,0.0,0.0,2.0751533291397043e-05,0.0,0.0,0.0,1.0039874493386467e-05
w_patras_relative_humidity_2m_missing,Other,0.0,4.257540881289994e-05,0.0,0.0,5.319076556597089e-06,3.0751588098467166e-05,0.0,0.0,9.830759183495524e-06
w_patras_wind_gusts_10m_missing,Other,0.0,7.258065979437853e-05,0.0,0.0,4.283909558986361e-06,0.0,0.0,0.0,9.60807116917061e-06
w_patras_wind_speed_10m_missing,Other,0.0,4.5395920813309155e-05,0.0,0.0,5.1590051919286945e-06,0.0,0.0,0.0,6.3193657506547315e-06
w_patras_shortwave_radiation_missing,Other,0.0,3.873998040641167e-05,0.0,0.0,3.825325011920177e-06,0.0,0.0,0.0,5.3206631772914804e-06
w_patras_cloud_cover_missing,Other,0.0,3.251079303924776e-05,0.0,0.0,4.1306929331848495e-06,0.0,0.0,0.0,4.580185746554076e-06
w_larissa_cloud_cover_missing,Other,0.0,0.0,0.0,0.0,0.0,0.0,0.0,0.0,0.0
w_larissa_relative_humidity_2m_missing,Other,0.0,0.0,0.0,0.0,0.0,0.0,0.0,0.0,0.0
w_larissa_shortwave_radiation_missing,Other,0.0,0.0,0.0,0.0,0.0,0.0,0.0,0.0,0.0
w_gr_mean_temperature_2m_missing,Other,0.0,0.0,0.0,0.0,0.0,0.0,0.0,0.0,0.0
w_gr_mean_relative_humidity_2m_missing,Other,0.0,0.0,0.0,0.0,0.0,0.0,0.0,0.0,0.0
w_gr_mean_wind_speed_10m_missing,Other,0.0,0.0,0.0,0.0,0.0,0.0,0.0,0.0,0.0
w_gr_mean_shortwave_radiation_missing,Other,0.0,0.0,0.0,0.0,0.0,0.0,0.0,0.0,0.0
w_gr_mean_precipitation_missing,Other,0.0,0.0,0.0,0.0,0.0,0.0,0.0,0.0,0.0
w_gr_mean_cloud_cover_missing,Other,0.0,0.0,0.0,0.0,0.0,0.0,0.0,0.0,0.0
w_larissa_precipitation_missing,Other,0.0,0.0,0.0,0.0,0.0,0.0,0.0,0.0,0.0
w_gr_mean_wind_gusts_10m_missing,Other,0.0,0.0,0.0,0.0,0.0,0.0,0.0,0.0,0.0
w_larissa_temperature_2m_missing,Other,0.0,0.0,0.0,0.0,0.0,0.0,0.0,0.0,0.0
w_larissa_wind_gusts_10m_missing,Other,0.0,0.0,0.0,0.0,0.0,0.0,0.0,0.0,0.0
w_larissa_wind_speed_10m_missing,Other,0.0,0.0,0.0,0.0,0.0,0.0,0.0,0.0,0.0
