block,run,mae,retrain,strategy,task,n_hours,window,algo,mode,spec,seed,note
a_cadence,q1_lgbm_monthly_default,19.22204175925926,monthly,recursive,price,2160,q1,lgbm,monthly,default,,
a_cadence,q1_lgbm_monthly_default_dense,18.350939351851853,monthly,recursive,price,2160,q1,lgbm,monthly,default_dense,,
a_cadence,q1_lgbm_monthly_default_noresfc,17.644292314814816,monthly,recursive,price,2160,q1,lgbm,monthly,default_noresfc,,
a_cadence,q1_lgbm_weekly_default,17.431159027777777,weekly,recursive,price,2160,q1,lgbm,weekly,default,,
a_cadence,q1_lgbm_weekly_default_dense,17.035356944444445,weekly,recursive,price,2160,q1,lgbm,weekly,default_dense,,
a_cadence,q1_lgbm_weekly_default_noresfc,17.362208935185183,weekly,recursive,price,2160,q1,lgbm,weekly,default_noresfc,,
a_cadence,q1_xgb_monthly_default,19.486313564814818,monthly,recursive,price,2160,q1,xgb,monthly,default,,
a_cadence,q1_xgb_monthly_default_dense,18.570672222222225,monthly,recursive,price,2160,q1,xgb,monthly,default_dense,,
a_cadence,q1_xgb_monthly_default_noresfc,17.70245787037037,monthly,recursive,price,2160,q1,xgb,monthly,default_noresfc,,
a_cadence,q1_xgb_weekly_default,17.67241675925926,weekly,recursive,price,2160,q1,xgb,weekly,default,,
a_cadence,q1_xgb_weekly_default_dense,16.923509907407407,weekly,recursive,price,2160,q1,xgb,weekly,default_dense,,
a_cadence,q1_xgb_weekly_default_noresfc,17.16865222222222,weekly,recursive,price,2160,q1,xgb,weekly,default_noresfc,,
a_cadence,summer_lgbm_monthly_default,15.079897373188407,monthly,recursive,price,2208,summer,lgbm,monthly,default,,
a_cadence,summer_lgbm_monthly_default_dense,14.062571105072463,monthly,recursive,price,2208,summer,lgbm,monthly,default_dense,,
a_cadence,summer_lgbm_monthly_default_noresfc,15.545572780797102,monthly,recursive,price,2208,summer,lgbm,monthly,default_noresfc,,
a_cadence,summer_lgbm_weekly_default,14.146826449275363,weekly,recursive,price,2208,summer,lgbm,weekly,default,,
a_cadence,summer_lgbm_weekly_default_dense,13.812292436594204,weekly,recursive,price,2208,summer,lgbm,weekly,default_dense,,
a_cadence,summer_lgbm_weekly_default_noresfc,15.050212454710143,weekly,recursive,price,2208,summer,lgbm,weekly,default_noresfc,,
a_cadence,summer_xgb_monthly_default,15.419493885869562,monthly,recursive,price,2208,summer,xgb,monthly,default,,
a_cadence,summer_xgb_monthly_default_dense,14.406444248188407,monthly,recursive,price,2208,summer,xgb,monthly,default_dense,,
a_cadence,summer_xgb_monthly_default_noresfc,15.52181417572464,monthly,recursive,price,2208,summer,xgb,monthly,default_noresfc,,
a_cadence,summer_xgb_weekly_default,14.57315384963768,weekly,recursive,price,2208,summer,xgb,weekly,default,,
a_cadence,summer_xgb_weekly_default_dense,14.400090126811593,weekly,recursive,price,2208,summer,xgb,weekly,default_dense,,
a_cadence,summer_xgb_weekly_default_noresfc,14.958840942028987,weekly,recursive,price,2208,summer,xgb,weekly,default_noresfc,,
b_march,march_lgbm_dir_default,24.479391458333332,static,direct,price,480,march,lgbm,dir,default,,
b_march,march_lgbm_dir_default_dense,21.684705208333337,static,direct,price,480,march,lgbm,dir,default_dense,,
b_march,march_lgbm_dir_default_nogenlags_noloadlags,25.183253750000002,static,direct,price,480,march,lgbm,dir,default_nogenlags_noloadlags,,
b_march,march_lgbm_dir_default_nometeo,23.499593541666666,static,direct,price,480,march,lgbm,dir,default_nometeo,,
b_march,march_lgbm_dir_default_noresfc,24.711680625,static,direct,price,480,march,lgbm,dir,default_noresfc,,
b_march,march_lgbm_dir_lags_calendar,22.731166041666665,static,direct,price,480,march,lgbm,dir,lags_calendar,,
b_march,march_lgbm_dir_lags_calendar_genlags,23.060055,static,direct,price,480,march,lgbm,dir,lags_calendar_genlags,,
b_march,march_lgbm_rec_default,20.9344425,static,recursive,price,480,march,lgbm,rec,default,,
b_march,march_lgbm_rec_default_dense,20.377706666666665,static,recursive,price,480,march,lgbm,rec,default_dense,,
b_march,march_lgbm_rec_default_nogenlags_noloadlags,21.882267083333332,static,recursive,price,480,march,lgbm,rec,default_nogenlags_noloadlags,,
b_march,march_lgbm_rec_default_nometeo,20.267401249999995,static,recursive,price,480,march,lgbm,rec,default_nometeo,,
b_march,march_lgbm_rec_default_noresfc,20.66369729166667,static,recursive,price,480,march,lgbm,rec,default_noresfc,,
b_march,march_lgbm_rec_lags_calendar,21.48713479166667,static,recursive,price,480,march,lgbm,rec,lags_calendar,,
b_march,march_lgbm_rec_lags_calendar_genlags,20.654381666666666,static,recursive,price,480,march,lgbm,rec,lags_calendar_genlags,,
b_march,march_xgb_dir_default,24.690345,static,direct,price,480,march,xgb,dir,default,,
b_march,march_xgb_dir_default_dense,22.114508333333333,static,direct,price,480,march,xgb,dir,default_dense,,
b_march,march_xgb_dir_default_nogenlags_noloadlags,26.5372025,static,direct,price,480,march,xgb,dir,default_nogenlags_noloadlags,,
b_march,march_xgb_dir_default_nometeo,23.121542499999997,static,direct,price,480,march,xgb,dir,default_nometeo,,
b_march,march_xgb_dir_default_noresfc,25.52709041666667,static,direct,price,480,march,xgb,dir,default_noresfc,,
b_march,march_xgb_dir_lags_calendar,23.863225624999995,static,direct,price,480,march,xgb,dir,lags_calendar,,
b_march,march_xgb_dir_lags_calendar_genlags,23.677587916666667,static,direct,price,480,march,xgb,dir,lags_calendar_genlags,,
b_march,march_xgb_rec_default,21.186520624999996,static,recursive,price,480,march,xgb,rec,default,,
b_march,march_xgb_rec_default_dense,20.55070041666667,static,recursive,price,480,march,xgb,rec,default_dense,,
b_march,march_xgb_rec_default_nogenlags_noloadlags,21.62236020833333,static,recursive,price,480,march,xgb,rec,default_nogenlags_noloadlags,,
b_march,march_xgb_rec_default_nometeo,21.184010416666663,static,recursive,price,480,march,xgb,rec,default_nometeo,,
b_march,march_xgb_rec_default_noresfc,20.578532708333334,static,recursive,price,480,march,xgb,rec,default_noresfc,,
b_march,march_xgb_rec_lags_calendar,21.603143541666668,static,recursive,price,480,march,xgb,rec,lags_calendar,,
b_march,march_xgb_rec_lags_calendar_genlags,19.72126166666667,static,recursive,price,480,march,xgb,rec,lags_calendar_genlags,,
c_load,q1_lgbm_dir_default,333.1454186111111,static,direct,load,2160,q1,lgbm,dir,default,,
c_load,q1_lgbm_dir_default_dense,268.5544360648148,static,direct,load,2160,q1,lgbm,dir,default_dense,,
c_load,q1_lgbm_dir_default_nogenlags_noloadlags,245.28870486111114,static,direct,load,2160,q1,lgbm,dir,default_nogenlags_noloadlags,,
c_load,q1_lgbm_dir_default_noloadfc,333.1454186111111,static,direct,load,2160,q1,lgbm,dir,default_noloadfc,,
c_load,q1_lgbm_dir_default_noloadlags,248.9867637037037,static,direct,load,2160,q1,lgbm,dir,default_noloadlags,,
c_load,q1_lgbm_dir_default_nometeo,381.617835462963,static,direct,load,2160,q1,lgbm,dir,default_nometeo,,
c_load,q1_lgbm_dir_lags_calendar_loadfc,285.75476236111115,static,direct,load,2160,q1,lgbm,dir,lags_calendar_loadfc,,
c_load,q1_lgbm_rec_default,213.051047962963,static,recursive,load,2160,q1,lgbm,rec,default,,
c_load,q1_lgbm_rec_default_dense,213.2706726388889,static,recursive,load,2160,q1,lgbm,rec,default_dense,,
c_load,q1_lgbm_rec_default_nogenlags_noloadlags,215.2641788425926,static,recursive,load,2160,q1,lgbm,rec,default_nogenlags_noloadlags,,
c_load,q1_lgbm_rec_default_noloadfc,213.051047962963,static,recursive,load,2160,q1,lgbm,rec,default_noloadfc,,
c_load,q1_lgbm_rec_default_noloadlags,210.4694961111111,static,recursive,load,2160,q1,lgbm,rec,default_noloadlags,,
c_load,q1_lgbm_rec_default_nometeo,322.5331789351852,static,recursive,load,2160,q1,lgbm,rec,default_nometeo,,
c_load,q1_lgbm_rec_lags_calendar_loadfc,255.64250101851854,static,recursive,load,2160,q1,lgbm,rec,lags_calendar_loadfc,,
c_load,q1_xgb_dir_default,344.0680932407408,static,direct,load,2160,q1,xgb,dir,default,,
c_load,q1_xgb_dir_default_dense,272.03263050925926,static,direct,load,2160,q1,xgb,dir,default_dense,,
c_load,q1_xgb_dir_default_nogenlags_noloadlags,242.48077791666665,static,direct,load,2160,q1,xgb,dir,default_nogenlags_noloadlags,,
c_load,q1_xgb_dir_default_noloadfc,344.0680932407408,static,direct,load,2160,q1,xgb,dir,default_noloadfc,,
c_load,q1_xgb_dir_default_noloadlags,253.82705999999996,static,direct,load,2160,q1,xgb,dir,default_noloadlags,,
c_load,q1_xgb_dir_default_nometeo,385.46818569444446,static,direct,load,2160,q1,xgb,dir,default_nometeo,,
c_load,q1_xgb_dir_lags_calendar_loadfc,286.3942860648148,static,direct,load,2160,q1,xgb,dir,lags_calendar_loadfc,,
c_load,q1_xgb_rec_default,197.05180981481482,static,recursive,load,2160,q1,xgb,rec,default,,
c_load,q1_xgb_rec_default_dense,195.77686259259258,static,recursive,load,2160,q1,xgb,rec,default_dense,,
c_load,q1_xgb_rec_default_nogenlags_noloadlags,191.8754811111111,static,recursive,load,2160,q1,xgb,rec,default_nogenlags_noloadlags,,
c_load,q1_xgb_rec_default_noloadfc,197.05180981481482,static,recursive,load,2160,q1,xgb,rec,default_noloadfc,,
c_load,q1_xgb_rec_default_noloadlags,187.20966518518517,static,recursive,load,2160,q1,xgb,rec,default_noloadlags,,
c_load,q1_xgb_rec_default_nometeo,298.6948369907408,static,recursive,load,2160,q1,xgb,rec,default_nometeo,,
c_load,q1_xgb_rec_lags_calendar_loadfc,256.89715916666665,static,recursive,load,2160,q1,xgb,rec,lags_calendar_loadfc,,
c_load,summer_lgbm_dir_default,328.3283653985508,static,direct,load,2208,summer,lgbm,dir,default,,
c_load,summer_lgbm_dir_default_dense,317.7601430706522,static,direct,load,2208,summer,lgbm,dir,default_dense,,
c_load,summer_lgbm_dir_default_nogenlags_noloadlags,355.03665335144933,static,direct,load,2208,summer,lgbm,dir,default_nogenlags_noloadlags,,
c_load,summer_lgbm_dir_default_noloadfc,328.3283653985508,static,direct,load,2208,summer,lgbm,dir,default_noloadfc,,
c_load,summer_lgbm_dir_default_noloadlags,341.389812182971,static,direct,load,2208,summer,lgbm,dir,default_noloadlags,,
c_load,summer_lgbm_dir_default_nometeo,341.7510329710145,static,direct,load,2208,summer,lgbm,dir,default_nometeo,,
c_load,summer_lgbm_dir_lags_calendar_loadfc,303.30379714673916,static,direct,load,2208,summer,lgbm,dir,lags_calendar_loadfc,,
c_load,summer_lgbm_rec_default,367.28627418478254,static,recursive,load,2208,summer,lgbm,rec,default,,
c_load,summer_lgbm_rec_default_dense,356.52415181159415,static,recursive,load,2208,summer,lgbm,rec,default_dense,,
c_load,summer_lgbm_rec_default_nogenlags_noloadlags,359.0081339221015,static,recursive,load,2208,summer,lgbm,rec,default_nogenlags_noloadlags,,
c_load,summer_lgbm_rec_default_noloadfc,367.28627418478254,static,recursive,load,2208,summer,lgbm,rec,default_noloadfc,,
c_load,summer_lgbm_rec_default_noloadlags,393.4445178894927,static,recursive,load,2208,summer,lgbm,rec,default_noloadlags,,
c_load,summer_lgbm_rec_default_nometeo,360.27209148550725,static,recursive,load,2208,summer,lgbm,rec,default_nometeo,,
c_load,summer_lgbm_rec_lags_calendar_loadfc,329.34169673913044,static,recursive,load,2208,summer,lgbm,rec,lags_calendar_loadfc,,
c_load,summer_xgb_dir_default,346.5051033967392,static,direct,load,2208,summer,xgb,dir,default,,
c_load,summer_xgb_dir_default_dense,324.18187712862317,static,direct,load,2208,summer,xgb,dir,default_dense,,
c_load,summer_xgb_dir_default_nogenlags_noloadlags,367.9036062952899,static,direct,load,2208,summer,xgb,dir,default_nogenlags_noloadlags,,
c_load,summer_xgb_dir_default_noloadfc,346.5051033967392,static,direct,load,2208,summer,xgb,dir,default_noloadfc,,
c_load,summer_xgb_dir_default_noloadlags,338.22847730978265,static,direct,load,2208,summer,xgb,dir,default_noloadlags,,
c_load,summer_xgb_dir_default_nometeo,332.0951731431159,static,direct,load,2208,summer,xgb,dir,default_nometeo,,
c_load,summer_xgb_dir_lags_calendar_loadfc,295.12657237318837,static,direct,load,2208,summer,xgb,dir,lags_calendar_loadfc,,
c_load,summer_xgb_rec_default,374.1417170289855,static,recursive,load,2208,summer,xgb,rec,default,,
c_load,summer_xgb_rec_default_dense,390.11303650362316,static,recursive,load,2208,summer,xgb,rec,default_dense,,
c_load,summer_xgb_rec_default_nogenlags_noloadlags,352.0573240489131,static,recursive,load,2208,summer,xgb,rec,default_nogenlags_noloadlags,,
c_load,summer_xgb_rec_default_noloadfc,374.1417170289855,static,recursive,load,2208,summer,xgb,rec,default_noloadfc,,
c_load,summer_xgb_rec_default_noloadlags,406.24278994565213,static,recursive,load,2208,summer,xgb,rec,default_noloadlags,,
c_load,summer_xgb_rec_default_nometeo,351.0361042572464,static,recursive,load,2208,summer,xgb,rec,default_nometeo,,
c_load,summer_xgb_rec_lags_calendar_loadfc,321.9331603713768,static,recursive,load,2208,summer,xgb,rec,lags_calendar_loadfc,,
d_fill,q1_lgbm_dir_default_dense,18.62670773148148,static,direct,price,2160,q1,lgbm,dir,default_dense,,
d_fill,q1_lgbm_rec_default_dense_seed123,19.85419625,static,recursive,price,2160,q1,lgbm,rec,default_dense,seed123,
d_fill,q1_lgbm_rec_default_dense_seed7,19.969880138888886,static,recursive,price,2160,q1,lgbm,rec,default_dense,seed7,
d_fill,q1_xgb_dir_default_dense,18.219855416666665,static,direct,price,2160,q1,xgb,dir,default_dense,,
d_fill,summer_lgbm_dir_default_dense,18.873391983695655,static,direct,price,2208,summer,lgbm,dir,default_dense,,
d_fill,summer_lgbm_rec_default_dense_seed123,14.079694202898551,static,recursive,price,2208,summer,lgbm,rec,default_dense,seed123,
d_fill,summer_lgbm_rec_default_dense_seed7,14.12633509963768,static,recursive,price,2208,summer,lgbm,rec,default_dense,seed7,
d_fill,summer_xgb_dir_default_dense,19.2874772192029,static,direct,price,2208,summer,xgb,dir,default_dense,,
e_ss,q1_lgbm_rec_ss_default,21.31707157407407,static,recursive,price,2160,q1,lgbm,rec+ss,default,,
e_ss,q1_lgbm_rec_ss_default_dense,19.823386944444444,static,recursive,price,2160,q1,lgbm,rec+ss,default_dense,,
e_ss,summer_lgbm_rec_ss_default,15.295253351449276,static,recursive,price,2208,summer,lgbm,rec+ss,default,,
e_ss,summer_lgbm_rec_ss_default_dense,14.288055253623188,static,recursive,price,2208,summer,lgbm,rec+ss,default_dense,,
f_conformal,q1_qlgbm_weekly_dense,,weekly,,price,2160,q1,qlgbm,weekly,dense,,NO-MAE
f_conformal,q1_splitconformal_weekly_dense,,,,,2160,q1,splitconformal,weekly,dense,,NO-MAE
