path,file_mtime,model,task,market,strategy,gate,retrain,features,crosslag_mode,crosslag_gap,horizon,stride,test_start,test_end,n_hours,mae,rmse,smape
runs/ablation_dec_direct/lgbm_price_dam_direct_default-fuel.json,2026-07-02 09:59,lgbm_price_dam_direct_default-fuel,price,dam,direct,strict,static,calendar+lags+roll+resfc+loadfc+meteo+genlags+loadlags+other,,,24,24,2025-12-01T00:00:00,2025-12-31T23:00:00,744,15.4147,23.047,14.4018
runs/ablation_dec_direct/lgbm_price_dam_direct_default-genlags.json,2026-07-02 09:48,lgbm_price_dam_direct_default-genlags,price,dam,direct,strict,static,calendar+lags+roll+resfc+loadfc+meteo+fuel+loadlags+other,,,24,24,2025-12-01T00:00:00,2025-12-31T23:00:00,744,17.2013,23.8755,16.1174
runs/ablation_dec_direct/lgbm_price_dam_direct_default-loadfc.json,2026-07-02 09:45,lgbm_price_dam_direct_default-loadfc,price,dam,direct,strict,static,calendar+lags+roll+resfc+meteo+fuel+genlags+loadlags+other,,,24,24,2025-12-01T00:00:00,2025-12-31T23:00:00,744,15.9371,22.7224,14.9239
runs/ablation_dec_direct/lgbm_price_dam_direct_default-loadlags.json,2026-07-02 09:52,lgbm_price_dam_direct_default-loadlags,price,dam,direct,strict,static,calendar+lags+roll+resfc+loadfc+meteo+fuel+genlags+other,,,24,24,2025-12-01T00:00:00,2025-12-31T23:00:00,744,16.2952,23.2168,15.2095
runs/ablation_dec_direct/lgbm_price_dam_direct_default-meteo.json,2026-07-02 09:57,lgbm_price_dam_direct_default-meteo,price,dam,direct,strict,static,calendar+lags+roll+resfc+loadfc+fuel+genlags+loadlags+other,,,24,24,2025-12-01T00:00:00,2025-12-31T23:00:00,744,16.6449,23.7975,15.6961
runs/ablation_dec_direct/lgbm_price_dam_direct_default-resfc.json,2026-07-02 09:43,lgbm_price_dam_direct_default-resfc,price,dam,direct,strict,static,calendar+lags+roll+loadfc+meteo+fuel+genlags+loadlags+other,,,24,24,2025-12-01T00:00:00,2025-12-31T23:00:00,744,15.7814,22.5937,14.8162
runs/ablation_dec_direct/lgbm_price_dam_direct_default.json,2026-07-02 09:40,lgbm_price_dam_direct_default,price,dam,direct,strict,static,calendar+lags+roll+resfc+loadfc+meteo+fuel+genlags+loadlags+other,,,24,24,2025-12-01T00:00:00,2025-12-31T23:00:00,744,16.0971,22.9266,15.0666
runs/ablation_dec_direct/lgbm_price_dam_direct_lags-calendar-genlags-loadlags.json,2026-07-02 10:04,lgbm_price_dam_direct_lags-calendar-genlags-loadlags,price,dam,direct,strict,static,calendar+lags+genlags+loadlags,,,24,24,2025-12-01T00:00:00,2025-12-31T23:00:00,744,16.6552,24.816,16.3713
runs/ablation_dec_direct/lgbm_price_dam_direct_lags-calendar-resfc-loadfc.json,2026-07-02 10:02,lgbm_price_dam_direct_lags-calendar-resfc-loadfc,price,dam,direct,strict,static,calendar+lags+resfc+loadfc,,,24,24,2025-12-01T00:00:00,2025-12-31T23:00:00,744,17.7533,26.4375,17.3579
runs/ablation_dec_direct/lgbm_price_dam_direct_lags-calendar.json,2026-07-02 10:01,lgbm_price_dam_direct_lags-calendar,price,dam,direct,strict,static,calendar+lags,,,24,24,2025-12-01T00:00:00,2025-12-31T23:00:00,744,17.6015,26.5239,17.5418
runs/ablation_dec_recursive/lgbm_price_dam_recursive_default-fuel.json,2026-07-02 11:09,lgbm_price_dam_recursive_default-fuel,price,dam,recursive,strict,static,calendar+lags+roll+resfc+loadfc+meteo+genlags+loadlags+other,,,24,24,2025-12-01T00:00:00,2025-12-31T23:00:00,744,13.5081,19.634,13.6757
runs/ablation_dec_recursive/lgbm_price_dam_recursive_default-genlags.json,2026-07-02 11:08,lgbm_price_dam_recursive_default-genlags,price,dam,recursive,strict,static,calendar+lags+roll+resfc+loadfc+meteo+fuel+loadlags+other,,,24,24,2025-12-01T00:00:00,2025-12-31T23:00:00,744,16.51,23.2078,15.3346
runs/ablation_dec_recursive/lgbm_price_dam_recursive_default-loadfc.json,2026-07-02 11:08,lgbm_price_dam_recursive_default-loadfc,price,dam,recursive,strict,static,calendar+lags+roll+resfc+meteo+fuel+genlags+loadlags+other,,,24,24,2025-12-01T00:00:00,2025-12-31T23:00:00,744,14.0543,20.2765,14.3493
runs/ablation_dec_recursive/lgbm_price_dam_recursive_default-loadlags.json,2026-07-02 11:09,lgbm_price_dam_recursive_default-loadlags,price,dam,recursive,strict,static,calendar+lags+roll+resfc+loadfc+meteo+fuel+genlags+other,,,24,24,2025-12-01T00:00:00,2025-12-31T23:00:00,744,14.2244,20.6665,14.2255
runs/ablation_dec_recursive/lgbm_price_dam_recursive_default-meteo.json,2026-07-02 11:09,lgbm_price_dam_recursive_default-meteo,price,dam,recursive,strict,static,calendar+lags+roll+resfc+loadfc+fuel+genlags+loadlags+other,,,24,24,2025-12-01T00:00:00,2025-12-31T23:00:00,744,13.6566,19.9681,14.1871
runs/ablation_dec_recursive/lgbm_price_dam_recursive_default-resfc.json,2026-07-02 11:08,lgbm_price_dam_recursive_default-resfc,price,dam,recursive,strict,static,calendar+lags+roll+loadfc+meteo+fuel+genlags+loadlags+other,,,24,24,2025-12-01T00:00:00,2025-12-31T23:00:00,744,13.8412,20.3741,12.9958
runs/ablation_dec_recursive/lgbm_price_dam_recursive_default.json,2026-07-02 11:08,lgbm_price_dam_recursive_default,price,dam,recursive,strict,static,calendar+lags+roll+resfc+loadfc+meteo+fuel+genlags+loadlags+other,,,24,24,2025-12-01T00:00:00,2025-12-31T23:00:00,744,13.8844,20.257,13.518
runs/ablation_dec_recursive/lgbm_price_dam_recursive_lags-calendar-genlags-loadlags.json,2026-07-02 11:09,lgbm_price_dam_recursive_lags-calendar-genlags-loadlags,price,dam,recursive,strict,static,calendar+lags+genlags+loadlags,,,24,24,2025-12-01T00:00:00,2025-12-31T23:00:00,744,14.603,21.5764,14.1297
runs/ablation_dec_recursive/lgbm_price_dam_recursive_lags-calendar-resfc-loadfc.json,2026-07-02 11:09,lgbm_price_dam_recursive_lags-calendar-resfc-loadfc,price,dam,recursive,strict,static,calendar+lags+resfc+loadfc,,,24,24,2025-12-01T00:00:00,2025-12-31T23:00:00,744,16.4433,24.252,15.2204
runs/ablation_dec_recursive/lgbm_price_dam_recursive_lags-calendar.json,2026-07-02 11:09,lgbm_price_dam_recursive_lags-calendar,price,dam,recursive,strict,static,calendar+lags,,,24,24,2025-12-01T00:00:00,2025-12-31T23:00:00,744,16.8311,25.0462,15.7894
runs/ablation_out/lgbm_price_dam_recursive_all-forecast-meteo.json,2026-07-02 04:47,lgbm_price_dam_recursive_all-forecast-meteo,price,dam,recursive,strict,static,calendar+lags+dense+roll+fuel+crosslags,,,24,24,2025-12-01T00:00:00,2025-12-31T23:00:00,744,13.6301,20.5687,13.1218
runs/ablation_out/lgbm_price_dam_recursive_all-forecast.json,2026-07-02 04:45,lgbm_price_dam_recursive_all-forecast,price,dam,recursive,strict,static,calendar+lags+dense+roll+meteo+fuel+crosslags,,,24,24,2025-12-01T00:00:00,2025-12-31T23:00:00,744,13.0219,20.079,12.3087
runs/ablation_out/lgbm_price_dam_recursive_all-meteo.json,2026-07-02 04:46,lgbm_price_dam_recursive_all-meteo,price,dam,recursive,strict,static,calendar+lags+dense+roll+forecast+fuel+crosslags,,,24,24,2025-12-01T00:00:00,2025-12-31T23:00:00,744,13.2362,20.0541,12.933
runs/ablation_out/lgbm_price_dam_recursive_all.json,2026-07-02 04:45,lgbm_price_dam_recursive_all,price,dam,recursive,strict,static,calendar+lags+dense+roll+forecast+meteo+fuel+crosslags,,,24,24,2025-12-01T00:00:00,2025-12-31T23:00:00,744,13.4639,20.0888,13.0718
runs/ablation_out/lgbm_price_dam_recursive_lags-calendar-roll-fuel-crosslags.json,2026-07-02 04:47,lgbm_price_dam_recursive_lags-calendar-roll-fuel-crosslags,price,dam,recursive,strict,static,calendar+lags+roll+fuel+crosslags,,,24,24,2025-12-01T00:00:00,2025-12-31T23:00:00,744,14.6384,21.5249,14.5699
runs/ablation_q1_lgbm/lgbm_price_dam_recursive_default-dense.json,2026-07-02 09:19,lgbm_price_dam_recursive_default-dense,price,dam,recursive,strict,static,calendar+lags+dense+roll+resfc+loadfc+meteo+fuel+genlags+loadlags+other,,,24,24,2025-12-01T00:00:00,2026-02-28T23:00:00,2160,15.4473,22.6722,24.504
runs/ablation_q1_lgbm/lgbm_price_dam_recursive_default-fuel.json,2026-07-02 09:14,lgbm_price_dam_recursive_default-fuel,price,dam,recursive,strict,static,calendar+lags+roll+resfc+loadfc+meteo+genlags+loadlags+other,,,24,24,2025-12-01T00:00:00,2026-02-28T23:00:00,2160,16.1825,23.4449,25.1301
runs/ablation_q1_lgbm/lgbm_price_dam_recursive_default-genlags.json,2026-07-02 09:12,lgbm_price_dam_recursive_default-genlags,price,dam,recursive,strict,static,calendar+lags+roll+resfc+loadfc+meteo+fuel+loadlags+other,,,24,24,2025-12-01T00:00:00,2026-02-28T23:00:00,2160,17.6326,24.855,25.9694
runs/ablation_q1_lgbm/lgbm_price_dam_recursive_default-loadfc.json,2026-07-02 09:11,lgbm_price_dam_recursive_default-loadfc,price,dam,recursive,strict,static,calendar+lags+roll+resfc+meteo+fuel+genlags+loadlags+other,,,24,24,2025-12-01T00:00:00,2026-02-28T23:00:00,2160,16.2351,23.4999,25.2126
runs/ablation_q1_lgbm/lgbm_price_dam_recursive_default-loadlags.json,2026-07-02 09:13,lgbm_price_dam_recursive_default-loadlags,price,dam,recursive,strict,static,calendar+lags+roll+resfc+loadfc+meteo+fuel+genlags+other,,,24,24,2025-12-01T00:00:00,2026-02-28T23:00:00,2160,16.4073,23.8234,25.2727
runs/ablation_q1_lgbm/lgbm_price_dam_recursive_default-meteo.json,2026-07-02 09:14,lgbm_price_dam_recursive_default-meteo,price,dam,recursive,strict,static,calendar+lags+roll+resfc+loadfc+fuel+genlags+loadlags+other,,,24,24,2025-12-01T00:00:00,2026-02-28T23:00:00,2160,15.9895,23.1005,25.2893
runs/ablation_q1_lgbm/lgbm_price_dam_recursive_default-resfc.json,2026-07-02 09:10,lgbm_price_dam_recursive_default-resfc,price,dam,recursive,strict,static,calendar+lags+roll+loadfc+meteo+fuel+genlags+loadlags+other,,,24,24,2025-12-01T00:00:00,2026-02-28T23:00:00,2160,16.7463,24.2439,25.0198
runs/ablation_q1_lgbm/lgbm_price_dam_recursive_default.json,2026-07-02 09:10,lgbm_price_dam_recursive_default,price,dam,recursive,strict,static,calendar+lags+roll+resfc+loadfc+meteo+fuel+genlags+loadlags+other,,,24,24,2025-12-01T00:00:00,2026-02-28T23:00:00,2160,16.1862,23.6528,25.0514
runs/ablation_q1_lgbm/lgbm_price_dam_recursive_lags-calendar-dense.json,2026-07-02 09:20,lgbm_price_dam_recursive_lags-calendar-dense,price,dam,recursive,strict,static,calendar+lags+dense,,,24,24,2025-12-01T00:00:00,2026-02-28T23:00:00,2160,18.2543,26.9411,27.3235
runs/ablation_q1_lgbm/lgbm_price_dam_recursive_lags-calendar-genlags-loadlags.json,2026-07-02 09:18,lgbm_price_dam_recursive_lags-calendar-genlags-loadlags,price,dam,recursive,strict,static,calendar+lags+genlags+loadlags,,,24,24,2025-12-01T00:00:00,2026-02-28T23:00:00,2160,16.8587,24.2152,26.1386
runs/ablation_q1_lgbm/lgbm_price_dam_recursive_lags-calendar-genlags.json,2026-07-02 09:16,lgbm_price_dam_recursive_lags-calendar-genlags,price,dam,recursive,strict,static,calendar+lags+genlags,,,24,24,2025-12-01T00:00:00,2026-02-28T23:00:00,2160,17.0866,24.449,26.4068
runs/ablation_q1_lgbm/lgbm_price_dam_recursive_lags-calendar-loadfc.json,2026-07-02 09:16,lgbm_price_dam_recursive_lags-calendar-loadfc,price,dam,recursive,strict,static,calendar+lags+loadfc,,,24,24,2025-12-01T00:00:00,2026-02-28T23:00:00,2160,19.4096,28.2761,27.7862
runs/ablation_q1_lgbm/lgbm_price_dam_recursive_lags-calendar-loadlags.json,2026-07-02 09:17,lgbm_price_dam_recursive_lags-calendar-loadlags,price,dam,recursive,strict,static,calendar+lags+loadlags,,,24,24,2025-12-01T00:00:00,2026-02-28T23:00:00,2160,18.7451,27.2354,26.9967
runs/ablation_q1_lgbm/lgbm_price_dam_recursive_lags-calendar-resfc-genlags.json,2026-07-02 09:18,lgbm_price_dam_recursive_lags-calendar-resfc-genlags,price,dam,recursive,strict,static,calendar+lags+resfc+genlags,,,24,24,2025-12-01T00:00:00,2026-02-28T23:00:00,2160,16.0622,23.6283,25.1704
runs/ablation_q1_lgbm/lgbm_price_dam_recursive_lags-calendar-resfc-loadfc-genlags-loadlags.json,2026-07-02 09:19,lgbm_price_dam_recursive_lags-calendar-resfc-loadfc-genlags-loadlags,price,dam,recursive,strict,static,calendar+lags+resfc+loadfc+genlags+loadlags,,,24,24,2025-12-01T00:00:00,2026-02-28T23:00:00,2160,16.0759,23.332,25.3174
runs/ablation_q1_lgbm/lgbm_price_dam_recursive_lags-calendar-resfc-loadfc.json,2026-07-02 09:17,lgbm_price_dam_recursive_lags-calendar-resfc-loadfc,price,dam,recursive,strict,static,calendar+lags+resfc+loadfc,,,24,24,2025-12-01T00:00:00,2026-02-28T23:00:00,2160,18.7305,27.3561,26.53
runs/ablation_q1_lgbm/lgbm_price_dam_recursive_lags-calendar-resfc.json,2026-07-02 09:15,lgbm_price_dam_recursive_lags-calendar-resfc,price,dam,recursive,strict,static,calendar+lags+resfc,,,24,24,2025-12-01T00:00:00,2026-02-28T23:00:00,2160,19.1343,28.5237,26.6982
runs/ablation_q1_lgbm/lgbm_price_dam_recursive_lags-calendar.json,2026-07-02 09:15,lgbm_price_dam_recursive_lags-calendar,price,dam,recursive,strict,static,calendar+lags,,,24,24,2025-12-01T00:00:00,2026-02-28T23:00:00,2160,19.5156,28.2121,27.9821
runs/ablation_q1_xgb/xgb_price_dam_recursive_default-dense.json,2026-07-02 09:36,xgb_price_dam_recursive_default-dense,price,dam,recursive,strict,static,calendar+lags+dense+roll+resfc+loadfc+meteo+fuel+genlags+loadlags+other,,,24,24,2025-12-01T00:00:00,2026-02-28T23:00:00,2160,15.6439,22.8941,24.3548
runs/ablation_q1_xgb/xgb_price_dam_recursive_default-fuel.json,2026-07-02 09:29,xgb_price_dam_recursive_default-fuel,price,dam,recursive,strict,static,calendar+lags+roll+resfc+loadfc+meteo+genlags+loadlags+other,,,24,24,2025-12-01T00:00:00,2026-02-28T23:00:00,2160,16.1223,23.449,25.0737
runs/ablation_q1_xgb/xgb_price_dam_recursive_default-genlags.json,2026-07-02 09:25,xgb_price_dam_recursive_default-genlags,price,dam,recursive,strict,static,calendar+lags+roll+resfc+loadfc+meteo+fuel+loadlags+other,,,24,24,2025-12-01T00:00:00,2026-02-28T23:00:00,2160,17.8087,25.1792,26.0154
runs/ablation_q1_xgb/xgb_price_dam_recursive_default-loadfc.json,2026-07-02 09:24,xgb_price_dam_recursive_default-loadfc,price,dam,recursive,strict,static,calendar+lags+roll+resfc+meteo+fuel+genlags+loadlags+other,,,24,24,2025-12-01T00:00:00,2026-02-28T23:00:00,2160,16.4436,23.6476,25.1577
runs/ablation_q1_xgb/xgb_price_dam_recursive_default-loadlags.json,2026-07-02 09:27,xgb_price_dam_recursive_default-loadlags,price,dam,recursive,strict,static,calendar+lags+roll+resfc+loadfc+meteo+fuel+genlags+other,,,24,24,2025-12-01T00:00:00,2026-02-28T23:00:00,2160,16.1735,23.0785,25.0757
runs/ablation_q1_xgb/xgb_price_dam_recursive_default-meteo.json,2026-07-02 09:27,xgb_price_dam_recursive_default-meteo,price,dam,recursive,strict,static,calendar+lags+roll+resfc+loadfc+fuel+genlags+loadlags+other,,,24,24,2025-12-01T00:00:00,2026-02-28T23:00:00,2160,15.8642,23.0975,25.0693
runs/ablation_q1_xgb/xgb_price_dam_recursive_default-resfc.json,2026-07-02 09:22,xgb_price_dam_recursive_default-resfc,price,dam,recursive,strict,static,calendar+lags+roll+loadfc+meteo+fuel+genlags+loadlags+other,,,24,24,2025-12-01T00:00:00,2026-02-28T23:00:00,2160,16.9006,24.306,25.1799
runs/ablation_q1_xgb/xgb_price_dam_recursive_default.json,2026-07-02 09:21,xgb_price_dam_recursive_default,price,dam,recursive,strict,static,calendar+lags+roll+resfc+loadfc+meteo+fuel+genlags+loadlags+other,,,24,24,2025-12-01T00:00:00,2026-02-28T23:00:00,2160,16.3862,23.5219,25.3237
runs/ablation_q1_xgb/xgb_price_dam_recursive_lags-calendar-dense.json,2026-07-02 09:37,xgb_price_dam_recursive_lags-calendar-dense,price,dam,recursive,strict,static,calendar+lags+dense,,,24,24,2025-12-01T00:00:00,2026-02-28T23:00:00,2160,18.3782,27.3068,27.8041
runs/ablation_q1_xgb/xgb_price_dam_recursive_lags-calendar-genlags-loadlags.json,2026-07-02 09:33,xgb_price_dam_recursive_lags-calendar-genlags-loadlags,price,dam,recursive,strict,static,calendar+lags+genlags+loadlags,,,24,24,2025-12-01T00:00:00,2026-02-28T23:00:00,2160,16.7,24.0233,26.0279
runs/ablation_q1_xgb/xgb_price_dam_recursive_lags-calendar-genlags.json,2026-07-02 09:31,xgb_price_dam_recursive_lags-calendar-genlags,price,dam,recursive,strict,static,calendar+lags+genlags,,,24,24,2025-12-01T00:00:00,2026-02-28T23:00:00,2160,17.1705,24.2847,26.629
runs/ablation_q1_xgb/xgb_price_dam_recursive_lags-calendar-loadfc.json,2026-07-02 09:30,xgb_price_dam_recursive_lags-calendar-loadfc,price,dam,recursive,strict,static,calendar+lags+loadfc,,,24,24,2025-12-01T00:00:00,2026-02-28T23:00:00,2160,19.731,28.5296,28.2103
runs/ablation_q1_xgb/xgb_price_dam_recursive_lags-calendar-loadlags.json,2026-07-02 09:32,xgb_price_dam_recursive_lags-calendar-loadlags,price,dam,recursive,strict,static,calendar+lags+loadlags,,,24,24,2025-12-01T00:00:00,2026-02-28T23:00:00,2160,18.6745,27.0828,27.0799
runs/ablation_q1_xgb/xgb_price_dam_recursive_lags-calendar-resfc-genlags.json,2026-07-02 09:33,xgb_price_dam_recursive_lags-calendar-resfc-genlags,price,dam,recursive,strict,static,calendar+lags+resfc+genlags,,,24,24,2025-12-01T00:00:00,2026-02-28T23:00:00,2160,16.0065,23.1447,25.3133
runs/ablation_q1_xgb/xgb_price_dam_recursive_lags-calendar-resfc-loadfc-genlags-loadlags.json,2026-07-02 09:34,xgb_price_dam_recursive_lags-calendar-resfc-loadfc-genlags-loadlags,price,dam,recursive,strict,static,calendar+lags+resfc+loadfc+genlags+loadlags,,,24,24,2025-12-01T00:00:00,2026-02-28T23:00:00,2160,16.0734,23.1749,25.1882
runs/ablation_q1_xgb/xgb_price_dam_recursive_lags-calendar-resfc-loadfc.json,2026-07-02 09:32,xgb_price_dam_recursive_lags-calendar-resfc-loadfc,price,dam,recursive,strict,static,calendar+lags+resfc+loadfc,,,24,24,2025-12-01T00:00:00,2026-02-28T23:00:00,2160,18.5566,27.1968,26.5242
runs/ablation_q1_xgb/xgb_price_dam_recursive_lags-calendar-resfc.json,2026-07-02 09:30,xgb_price_dam_recursive_lags-calendar-resfc,price,dam,recursive,strict,static,calendar+lags+resfc,,,24,24,2025-12-01T00:00:00,2026-02-28T23:00:00,2160,19.1995,28.4874,26.8063
runs/ablation_q1_xgb/xgb_price_dam_recursive_lags-calendar.json,2026-07-02 09:29,xgb_price_dam_recursive_lags-calendar,price,dam,recursive,strict,static,calendar+lags,,,24,24,2025-12-01T00:00:00,2026-02-28T23:00:00,2160,19.4422,28.1732,28.0945
runs/ablation_summer2025/lgbm_price_dam_recursive_default-genlags.json,2026-07-02 11:15,lgbm_price_dam_recursive_default-genlags,price,dam,recursive,strict,static,calendar+lags+roll+resfc+loadfc+meteo+fuel+loadlags+other,,,24,24,2025-06-01T00:00:00,2025-08-31T23:00:00,2208,14.8656,20.9957,38.1428
runs/ablation_summer2025/lgbm_price_dam_recursive_default-loadfc.json,2026-07-02 11:14,lgbm_price_dam_recursive_default-loadfc,price,dam,recursive,strict,static,calendar+lags+roll+resfc+meteo+fuel+genlags+loadlags+other,,,24,24,2025-06-01T00:00:00,2025-08-31T23:00:00,2208,14.156,19.9473,37.2128
runs/ablation_summer2025/lgbm_price_dam_recursive_default-loadlags.json,2026-07-02 11:16,lgbm_price_dam_recursive_default-loadlags,price,dam,recursive,strict,static,calendar+lags+roll+resfc+loadfc+meteo+fuel+genlags+other,,,24,24,2025-06-01T00:00:00,2025-08-31T23:00:00,2208,14.3796,20.4139,37.3457
runs/ablation_summer2025/lgbm_price_dam_recursive_default-resfc.json,2026-07-02 11:13,lgbm_price_dam_recursive_default-resfc,price,dam,recursive,strict,static,calendar+lags+roll+loadfc+meteo+fuel+genlags+loadlags+other,,,24,24,2025-06-01T00:00:00,2025-08-31T23:00:00,2208,15.5193,21.936,38.5437
runs/ablation_summer2025/lgbm_price_dam_recursive_default.json,2026-07-02 11:12,lgbm_price_dam_recursive_default,price,dam,recursive,strict,static,calendar+lags+roll+resfc+loadfc+meteo+fuel+genlags+loadlags+other,,,24,24,2025-06-01T00:00:00,2025-08-31T23:00:00,2208,14.4344,20.4596,37.9941
runs/ablation_summer2025/lgbm_price_dam_recursive_lags-calendar-genlags.json,2026-07-02 11:17,lgbm_price_dam_recursive_lags-calendar-genlags,price,dam,recursive,strict,static,calendar+lags+genlags,,,24,24,2025-06-01T00:00:00,2025-08-31T23:00:00,2208,16.8779,24.3193,39.3549
runs/ablation_summer2025/lgbm_price_dam_recursive_lags-calendar-resfc-genlags.json,2026-07-02 11:19,lgbm_price_dam_recursive_lags-calendar-resfc-genlags,price,dam,recursive,strict,static,calendar+lags+resfc+genlags,,,24,24,2025-06-01T00:00:00,2025-08-31T23:00:00,2208,14.6322,21.2281,37.3431
runs/ablation_summer2025/lgbm_price_dam_recursive_lags-calendar-resfc-loadfc.json,2026-07-02 11:18,lgbm_price_dam_recursive_lags-calendar-resfc-loadfc,price,dam,recursive,strict,static,calendar+lags+resfc+loadfc,,,24,24,2025-06-01T00:00:00,2025-08-31T23:00:00,2208,15.4877,22.9079,38.3386
runs/ablation_summer2025/lgbm_price_dam_recursive_lags-calendar-resfc.json,2026-07-02 11:17,lgbm_price_dam_recursive_lags-calendar-resfc,price,dam,recursive,strict,static,calendar+lags+resfc,,,24,24,2025-06-01T00:00:00,2025-08-31T23:00:00,2208,15.0653,22.333,37.6461
runs/ablation_summer2025/lgbm_price_dam_recursive_lags-calendar.json,2026-07-02 11:16,lgbm_price_dam_recursive_lags-calendar,price,dam,recursive,strict,static,calendar+lags,,,24,24,2025-06-01T00:00:00,2025-08-31T23:00:00,2208,17.5184,25.2946,40.7463
runs/ablation_xborder/lgbm_price_dam_recursive_default-xborder.json,2026-07-02 11:22,lgbm_price_dam_recursive_default-xborder,price,dam,recursive,strict,static,calendar+lags+roll+resfc+loadfc+xborder+meteo+fuel+genlags+loadlags+other,,,24,24,2025-12-01T00:00:00,2026-02-28T23:00:00,2160,15.376,22.2816,24.16
runs/ablation_xborder/lgbm_price_dam_recursive_default.json,2026-07-02 11:21,lgbm_price_dam_recursive_default,price,dam,recursive,strict,static,calendar+lags+roll+resfc+loadfc+meteo+fuel+genlags+loadlags+other,,,24,24,2025-12-01T00:00:00,2026-02-28T23:00:00,2160,16.0963,23.4151,24.903
runs/ael_verify/nan_1day.json,2026-07-04 19:09,LGBM-recursive-dam,price,dam,recursive,strict,static,calendar+lags+roll+resfc+loadfc+meteo+fuel+genlags+loadlags+other,nan,12,24,24,2025-12-01T00:00:00,2025-12-01T23:00:00,24,17.391,22.2924,16.9963
runs/b1_leakfree/q1_default.json,2026-07-04 19:36,LGBM-recursive-dam,price,dam,recursive,strict,static,calendar+lags+roll+resfc+loadfc+meteo+fuel+genlags+loadlags+other,freeze,12,24,24,2025-12-01T00:00:00,2026-02-28T23:00:00,2160,20.7926,30.1813,27.7563
runs/b1_leakfree/q1_default_nan.json,2026-07-04 19:39,LGBM-recursive-dam,price,dam,recursive,strict,static,calendar+lags+roll+resfc+loadfc+meteo+fuel+genlags+loadlags+other,nan,12,24,24,2025-12-01T00:00:00,2026-02-28T23:00:00,2160,22.1839,33.2204,28.6218
runs/b1_leakfree/q1_lean.json,2026-07-04 19:38,LGBM-recursive-dam,price,dam,recursive,strict,static,calendar+lags+genlags,freeze,12,24,24,2025-12-01T00:00:00,2026-02-28T23:00:00,2160,18.936,27.4086,27.4622
runs/b1_leakfree/q1_nometeo_noresfc.json,2026-07-04 19:37,LGBM-recursive-dam,price,dam,recursive,strict,static,calendar+lags+roll+loadfc+fuel+genlags+loadlags+other,freeze,12,24,24,2025-12-01T00:00:00,2026-02-28T23:00:00,2160,19.8992,28.1412,27.7679
runs/b3_ablation/q1_lgbm_dir/lgbm_price_dam_direct_default-genlags-loadlags.json,2026-07-05 01:25,lgbm_price_dam_direct_default-genlags-loadlags,price,dam,direct,strict,static,calendar+lags+roll+resfc+loadfc+meteo+fuel+other,,,24,24,2025-12-01T00:00:00,2026-02-28T23:00:00,2160,19.5292,27.2726,27.587
runs/b3_ablation/q1_lgbm_dir/lgbm_price_dam_direct_default-meteo.json,2026-07-05 01:09,lgbm_price_dam_direct_default-meteo,price,dam,direct,strict,static,calendar+lags+roll+resfc+loadfc+fuel+genlags+loadlags+other,,,24,24,2025-12-01T00:00:00,2026-02-28T23:00:00,2160,19.4645,27.0192,28.2534
runs/b3_ablation/q1_lgbm_dir/lgbm_price_dam_direct_default-resfc.json,2026-07-05 01:18,lgbm_price_dam_direct_default-resfc,price,dam,direct,strict,static,calendar+lags+roll+loadfc+meteo+fuel+genlags+loadlags+other,,,24,24,2025-12-01T00:00:00,2026-02-28T23:00:00,2160,19.7689,27.3657,28.0563
runs/b3_ablation/q1_lgbm_dir/lgbm_price_dam_direct_default.json,2026-07-05 01:02,lgbm_price_dam_direct_default,price,dam,direct,strict,static,calendar+lags+roll+resfc+loadfc+meteo+fuel+genlags+loadlags+other,,,24,24,2025-12-01T00:00:00,2026-02-28T23:00:00,2160,19.3405,26.9452,27.4465
runs/b3_ablation/q1_lgbm_dir/lgbm_price_dam_direct_lags-calendar-genlags.json,2026-07-05 01:29,lgbm_price_dam_direct_lags-calendar-genlags,price,dam,direct,strict,static,calendar+lags+genlags,,,24,24,2025-12-01T00:00:00,2026-02-28T23:00:00,2160,20.8737,29.1229,30.288
runs/b3_ablation/q1_lgbm_rec/lgbm_price_dam_recursive_default-dense.json,2026-07-05 00:21,lgbm_price_dam_recursive_default-dense,price,dam,recursive,strict,static,calendar+lags+dense+roll+resfc+loadfc+meteo+fuel+genlags+loadlags+other,,,24,24,2025-12-01T00:00:00,2026-02-28T23:00:00,2160,19.713,28.405,27.1327
runs/b3_ablation/q1_lgbm_rec/lgbm_price_dam_recursive_default-genlags-loadlags.json,2026-07-05 00:20,lgbm_price_dam_recursive_default-genlags-loadlags,price,dam,recursive,strict,static,calendar+lags+roll+resfc+loadfc+meteo+fuel+other,,,24,24,2025-12-01T00:00:00,2026-02-28T23:00:00,2160,20.2303,28.9559,27.3195
runs/b3_ablation/q1_lgbm_rec/lgbm_price_dam_recursive_default-meteo.json,2026-07-05 00:20,lgbm_price_dam_recursive_default-meteo,price,dam,recursive,strict,static,calendar+lags+roll+resfc+loadfc+fuel+genlags+loadlags+other,,,24,24,2025-12-01T00:00:00,2026-02-28T23:00:00,2160,23.0285,34.3004,29.6948
runs/b3_ablation/q1_lgbm_rec/lgbm_price_dam_recursive_default-resfc.json,2026-07-05 00:19,lgbm_price_dam_recursive_default-resfc,price,dam,recursive,strict,static,calendar+lags+roll+loadfc+meteo+fuel+genlags+loadlags+other,,,24,24,2025-12-01T00:00:00,2026-02-28T23:00:00,2160,17.7189,24.9145,25.719
runs/b3_ablation/q1_lgbm_rec/lgbm_price_dam_recursive_default.json,2026-07-05 00:19,lgbm_price_dam_recursive_default,price,dam,recursive,strict,static,calendar+lags+roll+resfc+loadfc+meteo+fuel+genlags+loadlags+other,,,24,24,2025-12-01T00:00:00,2026-02-28T23:00:00,2160,20.7926,30.1813,27.7563
runs/b3_ablation/q1_lgbm_rec/lgbm_price_dam_recursive_lags-calendar-genlags.json,2026-07-05 00:22,lgbm_price_dam_recursive_lags-calendar-genlags,price,dam,recursive,strict,static,calendar+lags+genlags,,,24,24,2025-12-01T00:00:00,2026-02-28T23:00:00,2160,18.936,27.4086,27.4622
runs/b3_ablation/q1_lgbm_rec/lgbm_price_dam_recursive_lags-calendar.json,2026-07-05 00:22,lgbm_price_dam_recursive_lags-calendar,price,dam,recursive,strict,static,calendar+lags,,,24,24,2025-12-01T00:00:00,2026-02-28T23:00:00,2160,19.5156,28.2121,27.9821
runs/b3_ablation/q1_xgb_dir/xgb_price_dam_direct_default-genlags-loadlags.json,2026-07-05 02:08,xgb_price_dam_direct_default-genlags-loadlags,price,dam,direct,strict,static,calendar+lags+roll+resfc+loadfc+meteo+fuel+other,,,24,24,2025-12-01T00:00:00,2026-02-28T23:00:00,2160,19.5549,27.1471,27.5304
runs/b3_ablation/q1_xgb_dir/xgb_price_dam_direct_default-meteo.json,2026-07-05 02:03,xgb_price_dam_direct_default-meteo,price,dam,direct,strict,static,calendar+lags+roll+resfc+loadfc+fuel+genlags+loadlags+other,,,24,24,2025-12-01T00:00:00,2026-02-28T23:00:00,2160,19.641,27.2876,28.2933
runs/b3_ablation/q1_xgb_dir/xgb_price_dam_direct_default-resfc.json,2026-07-05 02:05,xgb_price_dam_direct_default-resfc,price,dam,direct,strict,static,calendar+lags+roll+loadfc+meteo+fuel+genlags+loadlags+other,,,24,24,2025-12-01T00:00:00,2026-02-28T23:00:00,2160,19.5806,27.097,27.7212
runs/b3_ablation/q1_xgb_dir/xgb_price_dam_direct_default.json,2026-07-05 02:00,xgb_price_dam_direct_default,price,dam,direct,strict,static,calendar+lags+roll+resfc+loadfc+meteo+fuel+genlags+loadlags+other,,,24,24,2025-12-01T00:00:00,2026-02-28T23:00:00,2160,19.2105,26.873,27.3221
runs/b3_ablation/q1_xgb_dir/xgb_price_dam_direct_lags-calendar-genlags.json,2026-07-05 02:10,xgb_price_dam_direct_lags-calendar-genlags,price,dam,direct,strict,static,calendar+lags+genlags,,,24,24,2025-12-01T00:00:00,2026-02-28T23:00:00,2160,21.0383,29.0679,30.4903
runs/b3_ablation/q1_xgb_rec/xgb_price_dam_recursive_default-dense.json,2026-07-05 00:37,xgb_price_dam_recursive_default-dense,price,dam,recursive,strict,static,calendar+lags+dense+roll+resfc+loadfc+meteo+fuel+genlags+loadlags+other,,,24,24,2025-12-01T00:00:00,2026-02-28T23:00:00,2160,19.7277,27.9547,27.1605
runs/b3_ablation/q1_xgb_rec/xgb_price_dam_recursive_default-genlags-loadlags.json,2026-07-05 00:34,xgb_price_dam_recursive_default-genlags-loadlags,price,dam,recursive,strict,static,calendar+lags+roll+resfc+loadfc+meteo+fuel+other,,,24,24,2025-12-01T00:00:00,2026-02-28T23:00:00,2160,21.9642,30.9147,28.7823
runs/b3_ablation/q1_xgb_rec/xgb_price_dam_recursive_default-meteo.json,2026-07-05 00:33,xgb_price_dam_recursive_default-meteo,price,dam,recursive,strict,static,calendar+lags+roll+resfc+loadfc+fuel+genlags+loadlags+other,,,24,24,2025-12-01T00:00:00,2026-02-28T23:00:00,2160,21.9546,31.8343,29.1586
runs/b3_ablation/q1_xgb_rec/xgb_price_dam_recursive_default-resfc.json,2026-07-05 00:31,xgb_price_dam_recursive_default-resfc,price,dam,recursive,strict,static,calendar+lags+roll+loadfc+meteo+fuel+genlags+loadlags+other,,,24,24,2025-12-01T00:00:00,2026-02-28T23:00:00,2160,18.0857,25.6846,25.9657
runs/b3_ablation/q1_xgb_rec/xgb_price_dam_recursive_default.json,2026-07-05 00:30,xgb_price_dam_recursive_default,price,dam,recursive,strict,static,calendar+lags+roll+resfc+loadfc+meteo+fuel+genlags+loadlags+other,,,24,24,2025-12-01T00:00:00,2026-02-28T23:00:00,2160,21.5854,30.6654,28.4076
runs/b3_ablation/q1_xgb_rec/xgb_price_dam_recursive_lags-calendar-genlags.json,2026-07-05 00:38,xgb_price_dam_recursive_lags-calendar-genlags,price,dam,recursive,strict,static,calendar+lags+genlags,,,24,24,2025-12-01T00:00:00,2026-02-28T23:00:00,2160,18.879,26.9211,27.774
runs/b3_ablation/q1_xgb_rec/xgb_price_dam_recursive_lags-calendar.json,2026-07-05 00:38,xgb_price_dam_recursive_lags-calendar,price,dam,recursive,strict,static,calendar+lags,,,24,24,2025-12-01T00:00:00,2026-02-28T23:00:00,2160,19.4422,28.1732,28.0945
runs/b3_ablation/summer_lgbm_dir/lgbm_price_dam_direct_default-genlags-loadlags.json,2026-07-05 01:53,lgbm_price_dam_direct_default-genlags-loadlags,price,dam,direct,strict,static,calendar+lags+roll+resfc+loadfc+meteo+fuel+other,,,24,24,2025-06-01T00:00:00,2025-08-31T23:00:00,2208,19.8133,28.047,41.7934
runs/b3_ablation/summer_lgbm_dir/lgbm_price_dam_direct_default-meteo.json,2026-07-05 01:42,lgbm_price_dam_direct_default-meteo,price,dam,direct,strict,static,calendar+lags+roll+resfc+loadfc+fuel+genlags+loadlags+other,,,24,24,2025-06-01T00:00:00,2025-08-31T23:00:00,2208,21.1733,29.7072,42.8605
runs/b3_ablation/summer_lgbm_dir/lgbm_price_dam_direct_default-resfc.json,2026-07-05 01:49,lgbm_price_dam_direct_default-resfc,price,dam,direct,strict,static,calendar+lags+roll+loadfc+meteo+fuel+genlags+loadlags+other,,,24,24,2025-06-01T00:00:00,2025-08-31T23:00:00,2208,20.9634,29.6324,42.5329
runs/b3_ablation/summer_lgbm_dir/lgbm_price_dam_direct_default.json,2026-07-05 01:36,lgbm_price_dam_direct_default,price,dam,direct,strict,static,calendar+lags+roll+resfc+loadfc+meteo+fuel+genlags+loadlags+other,,,24,24,2025-06-01T00:00:00,2025-08-31T23:00:00,2208,20.2099,28.0383,42.1643
runs/b3_ablation/summer_lgbm_dir/lgbm_price_dam_direct_lags-calendar-genlags.json,2026-07-05 01:56,lgbm_price_dam_direct_lags-calendar-genlags,price,dam,direct,strict,static,calendar+lags+genlags,,,24,24,2025-06-01T00:00:00,2025-08-31T23:00:00,2208,21.413,30.0552,42.9123
runs/b3_ablation/summer_lgbm_rec/lgbm_price_dam_recursive_default-dense.json,2026-07-05 00:26,lgbm_price_dam_recursive_default-dense,price,dam,recursive,strict,static,calendar+lags+dense+roll+resfc+loadfc+meteo+fuel+genlags+loadlags+other,,,24,24,2025-06-01T00:00:00,2025-08-31T23:00:00,2208,14.1656,20.88,37.1501
runs/b3_ablation/summer_lgbm_rec/lgbm_price_dam_recursive_default-genlags-loadlags.json,2026-07-05 00:25,lgbm_price_dam_recursive_default-genlags-loadlags,price,dam,recursive,strict,static,calendar+lags+roll+resfc+loadfc+meteo+fuel+other,,,24,24,2025-06-01T00:00:00,2025-08-31T23:00:00,2208,15.8488,22.2875,38.9827
runs/b3_ablation/summer_lgbm_rec/lgbm_price_dam_recursive_default-meteo.json,2026-07-05 00:25,lgbm_price_dam_recursive_default-meteo,price,dam,recursive,strict,static,calendar+lags+roll+resfc+loadfc+fuel+genlags+loadlags+other,,,24,24,2025-06-01T00:00:00,2025-08-31T23:00:00,2208,15.7982,23.0688,38.3295
runs/b3_ablation/summer_lgbm_rec/lgbm_price_dam_recursive_default-resfc.json,2026-07-05 00:24,lgbm_price_dam_recursive_default-resfc,price,dam,recursive,strict,static,calendar+lags+roll+loadfc+meteo+fuel+genlags+loadlags+other,,,24,24,2025-06-01T00:00:00,2025-08-31T23:00:00,2208,15.6292,22.5093,38.5908
runs/b3_ablation/summer_lgbm_rec/lgbm_price_dam_recursive_default.json,2026-07-05 00:23,lgbm_price_dam_recursive_default,price,dam,recursive,strict,static,calendar+lags+roll+resfc+loadfc+meteo+fuel+genlags+loadlags+other,,,24,24,2025-06-01T00:00:00,2025-08-31T23:00:00,2208,15.1421,21.55,38.0285
runs/b3_ablation/summer_lgbm_rec/lgbm_price_dam_recursive_lags-calendar-genlags.json,2026-07-05 00:27,lgbm_price_dam_recursive_lags-calendar-genlags,price,dam,recursive,strict,static,calendar+lags+genlags,,,24,24,2025-06-01T00:00:00,2025-08-31T23:00:00,2208,17.8142,26.6226,39.7438
runs/b3_ablation/summer_lgbm_rec/lgbm_price_dam_recursive_lags-calendar.json,2026-07-05 00:27,lgbm_price_dam_recursive_lags-calendar,price,dam,recursive,strict,static,calendar+lags,,,24,24,2025-06-01T00:00:00,2025-08-31T23:00:00,2208,17.4225,25.2564,40.5734
runs/b3_ablation/summer_xgb_dir/xgb_price_dam_direct_default-genlags-loadlags.json,2026-07-05 02:22,xgb_price_dam_direct_default-genlags-loadlags,price,dam,direct,strict,static,calendar+lags+roll+resfc+loadfc+meteo+fuel+other,,,24,24,2025-06-01T00:00:00,2025-08-31T23:00:00,2208,19.5769,27.5758,41.7346
runs/b3_ablation/summer_xgb_dir/xgb_price_dam_direct_default-meteo.json,2026-07-05 02:16,xgb_price_dam_direct_default-meteo,price,dam,direct,strict,static,calendar+lags+roll+resfc+loadfc+fuel+genlags+loadlags+other,,,24,24,2025-06-01T00:00:00,2025-08-31T23:00:00,2208,21.5738,30.2036,43.2586
runs/b3_ablation/summer_xgb_dir/xgb_price_dam_direct_default-resfc.json,2026-07-05 02:19,xgb_price_dam_direct_default-resfc,price,dam,direct,strict,static,calendar+lags+roll+loadfc+meteo+fuel+genlags+loadlags+other,,,24,24,2025-06-01T00:00:00,2025-08-31T23:00:00,2208,20.3567,28.5259,42.1832
runs/b3_ablation/summer_xgb_dir/xgb_price_dam_direct_default.json,2026-07-05 02:13,xgb_price_dam_direct_default,price,dam,direct,strict,static,calendar+lags+roll+resfc+loadfc+meteo+fuel+genlags+loadlags+other,,,24,24,2025-06-01T00:00:00,2025-08-31T23:00:00,2208,20.0834,28.1217,42.2389
runs/b3_ablation/summer_xgb_dir/xgb_price_dam_direct_lags-calendar-genlags.json,2026-07-05 02:24,xgb_price_dam_direct_lags-calendar-genlags,price,dam,direct,strict,static,calendar+lags+genlags,,,24,24,2025-06-01T00:00:00,2025-08-31T23:00:00,2208,21.8633,30.488,43.4809
runs/b3_ablation/summer_xgb_rec/xgb_price_dam_recursive_default-dense.json,2026-07-05 00:50,xgb_price_dam_recursive_default-dense,price,dam,recursive,strict,static,calendar+lags+dense+roll+resfc+loadfc+meteo+fuel+genlags+loadlags+other,,,24,24,2025-06-01T00:00:00,2025-08-31T23:00:00,2208,15.4902,22.1059,38.6336
runs/b3_ablation/summer_xgb_rec/xgb_price_dam_recursive_default-genlags-loadlags.json,2026-07-05 00:46,xgb_price_dam_recursive_default-genlags-loadlags,price,dam,recursive,strict,static,calendar+lags+roll+resfc+loadfc+meteo+fuel+other,,,24,24,2025-06-01T00:00:00,2025-08-31T23:00:00,2208,16.6134,23.0641,39.5626
runs/b3_ablation/summer_xgb_rec/xgb_price_dam_recursive_default-meteo.json,2026-07-05 00:45,xgb_price_dam_recursive_default-meteo,price,dam,recursive,strict,static,calendar+lags+roll+resfc+loadfc+fuel+genlags+loadlags+other,,,24,24,2025-06-01T00:00:00,2025-08-31T23:00:00,2208,16.8555,24.1387,39.2083
runs/b3_ablation/summer_xgb_rec/xgb_price_dam_recursive_default-resfc.json,2026-07-05 00:43,xgb_price_dam_recursive_default-resfc,price,dam,recursive,strict,static,calendar+lags+roll+loadfc+meteo+fuel+genlags+loadlags+other,,,24,24,2025-06-01T00:00:00,2025-08-31T23:00:00,2208,15.7672,22.4302,38.7852
runs/b3_ablation/summer_xgb_rec/xgb_price_dam_recursive_default.json,2026-07-05 00:41,xgb_price_dam_recursive_default,price,dam,recursive,strict,static,calendar+lags+roll+resfc+loadfc+meteo+fuel+genlags+loadlags+other,,,24,24,2025-06-01T00:00:00,2025-08-31T23:00:00,2208,16.1062,22.6757,38.9349
runs/b3_ablation/summer_xgb_rec/xgb_price_dam_recursive_lags-calendar-genlags.json,2026-07-05 00:52,xgb_price_dam_recursive_lags-calendar-genlags,price,dam,recursive,strict,static,calendar+lags+genlags,,,24,24,2025-06-01T00:00:00,2025-08-31T23:00:00,2208,17.467,25.9726,39.558
runs/b3_ablation/summer_xgb_rec/xgb_price_dam_recursive_lags-calendar.json,2026-07-05 00:53,xgb_price_dam_recursive_lags-calendar,price,dam,recursive,strict,static,calendar+lags,,,24,24,2025-06-01T00:00:00,2025-08-31T23:00:00,2208,17.2925,25.0161,40.9336
runs/confirm_out/A_default_monthly_march.json,2026-07-02 11:45,LGBM-recursive-dam,price,dam,recursive,strict,monthly,calendar+lags+roll+resfc+loadfc+meteo+fuel+genlags+loadlags+other,,,24,24,2026-03-01T00:00:00,2026-03-19T23:00:00,456,17.9676,25.4157,49.8059
runs/confirm_out/A_default_monthly_q1.json,2026-07-02 11:42,LGBM-recursive-dam,price,dam,recursive,strict,monthly,calendar+lags+roll+resfc+loadfc+meteo+fuel+genlags+loadlags+other,,,24,24,2025-12-01T00:00:00,2026-02-28T23:00:00,2160,15.7951,22.9863,24.6943
runs/confirm_out/B_default_xborder_monthly_march.json,2026-07-02 11:45,LGBM-recursive-dam,price,dam,recursive,strict,monthly,calendar+lags+roll+resfc+loadfc+xborder+meteo+fuel+genlags+loadlags+other,,,24,24,2026-03-01T00:00:00,2026-03-19T23:00:00,456,17.6209,24.7237,50.5601
runs/confirm_out/B_default_xborder_monthly_q1.json,2026-07-02 11:43,LGBM-recursive-dam,price,dam,recursive,strict,monthly,calendar+lags+roll+resfc+loadfc+xborder+meteo+fuel+genlags+loadlags+other,,,24,24,2025-12-01T00:00:00,2026-02-28T23:00:00,2160,15.0145,21.7749,23.9996
runs/confirm_out/C_ssinformed_static_q1.json,2026-07-02 11:44,LGBM-recursive-dam,price,dam,recursive,strict,static,calendar+lags+roll+resfc+loadfc+xborder+meteo+fuel+genlags+other,,,24,24,2025-12-01T00:00:00,2026-02-28T23:00:00,2160,15.3502,22.2694,23.9154
runs/confirm_out2/BASELINE_default_weekly_FIXED.json,2026-07-04 05:41,LGBM-recursive-dam,price,dam,recursive,strict,weekly,calendar+lags+roll+resfc+loadfc+meteo+fuel+genlags+loadlags+other,,,24,24,2025-12-01T00:00:00,2026-02-28T23:00:00,2160,15.1705,22.1898,24.2124
runs/confirm_out2/B_xborder_monthly_seed43.json,2026-07-02 23:55,LGBM-recursive-dam,price,dam,recursive,strict,monthly,calendar+lags+roll+resfc+loadfc+xborder+meteo+fuel+genlags+loadlags+other,,,24,24,2025-12-01T00:00:00,2026-02-28T23:00:00,2160,15.0275,21.791,24.0604
runs/confirm_out2/B_xborder_monthly_seed44.json,2026-07-02 23:57,LGBM-recursive-dam,price,dam,recursive,strict,monthly,calendar+lags+roll+resfc+loadfc+xborder+meteo+fuel+genlags+loadlags+other,,,24,24,2025-12-01T00:00:00,2026-02-28T23:00:00,2160,14.9243,21.868,23.8956
runs/confirm_out2/B_xborder_ss_monthly_q1.json,2026-07-02 23:45,LGBM-recursive-dam,price,dam,recursive,strict,monthly,calendar+lags+roll+resfc+loadfc+xborder+meteo+fuel+genlags+loadlags+other,,,24,24,2025-12-01T00:00:00,2026-02-28T23:00:00,2160,14.9257,21.492,23.7939
runs/confirm_out2/B_xborder_weekly_q1.json,2026-07-02 23:37,LGBM-recursive-dam,price,dam,recursive,strict,weekly,calendar+lags+roll+resfc+loadfc+xborder+meteo+fuel+genlags+loadlags+other,,,24,24,2025-12-01T00:00:00,2026-02-28T23:00:00,2160,14.4264,21.0502,23.5058
runs/confirm_out2/C_xborder_noloadlags_ss_monthly_q1.json,2026-07-02 23:52,LGBM-recursive-dam,price,dam,recursive,strict,monthly,calendar+lags+roll+resfc+loadfc+xborder+meteo+fuel+genlags+other,,,24,24,2025-12-01T00:00:00,2026-02-28T23:00:00,2160,14.9472,21.7017,23.7741
runs/confirm_out2/HEADLINE_xborder_weekly_FIXED.json,2026-07-04 05:39,LGBM-recursive-dam,price,dam,recursive,strict,weekly,calendar+lags+roll+resfc+loadfc+xborder+meteo+fuel+genlags+loadlags+other,,,24,24,2025-12-01T00:00:00,2026-02-28T23:00:00,2160,14.423,23.4717,23.3038
runs/confirm_out2/xborder_LAGGED_static_q1.json,2026-07-04 06:21,LGBM-recursive-dam,price,dam,recursive,strict,static,calendar+lags+roll+resfc+loadfc+xborder+meteo+fuel+genlags+loadlags+other,,,24,24,2025-12-01T00:00:00,2026-02-28T23:00:00,2160,16.5185,23.8463,25.2174
runs/confirm_out2/xborder_summer_static.json,2026-07-02 23:58,LGBM-recursive-dam,price,dam,recursive,strict,static,calendar+lags+roll+resfc+loadfc+xborder+meteo+fuel+genlags+loadlags+other,,,24,24,2025-06-01T00:00:00,2025-08-31T23:00:00,2208,13.2362,18.7704,36.644
runs/e1_e2_out/e1_n1600_default.json,2026-07-02 11:26,LGBM-recursive-dam,price,dam,recursive,strict,static,calendar+lags+roll+resfc+loadfc+meteo+fuel+genlags+loadlags+other,,,24,24,2025-12-01T00:00:00,2026-02-28T23:00:00,2160,16.3488,23.5451,24.9713
runs/e1_e2_out/e1_n1600_default_-meteo.json,2026-07-02 11:26,LGBM-recursive-dam,price,dam,recursive,strict,static,calendar+lags+roll+resfc+loadfc+fuel+genlags+loadlags+other,,,24,24,2025-12-01T00:00:00,2026-02-28T23:00:00,2160,15.91,23.1043,24.9908
runs/e1_e2_out/e1_n400_default.json,2026-07-02 11:24,LGBM-recursive-dam,price,dam,recursive,strict,static,calendar+lags+roll+resfc+loadfc+meteo+fuel+genlags+loadlags+other,,,24,24,2025-12-01T00:00:00,2026-02-28T23:00:00,2160,15.7441,23.1365,24.8087
runs/e1_e2_out/e1_n400_default_-meteo.json,2026-07-02 11:24,LGBM-recursive-dam,price,dam,recursive,strict,static,calendar+lags+roll+resfc+loadfc+fuel+genlags+loadlags+other,,,24,24,2025-12-01T00:00:00,2026-02-28T23:00:00,2160,15.7596,23.0918,25.2143
runs/e1_e2_out/e1_n800_default.json,2026-07-02 11:25,LGBM-recursive-dam,price,dam,recursive,strict,static,calendar+lags+roll+resfc+loadfc+meteo+fuel+genlags+loadlags+other,,,24,24,2025-12-01T00:00:00,2026-02-28T23:00:00,2160,16.0963,23.4151,24.903
runs/e1_e2_out/e1_n800_default_-meteo.json,2026-07-02 11:25,LGBM-recursive-dam,price,dam,recursive,strict,static,calendar+lags+roll+resfc+loadfc+fuel+genlags+loadlags+other,,,24,24,2025-12-01T00:00:00,2026-02-28T23:00:00,2160,15.8362,23.0043,25.1319
runs/e1_e2_out/e2_load_default.json,2026-07-02 11:27,LGBM-recursive-dam,load,dam,recursive,strict,static,calendar+lags+roll+resfc+loadfc+meteo+fuel+genlags+loadlags+other,,,24,24,2025-12-01T00:00:00,2026-02-28T23:00:00,2160,125.6826,163.1706,2.1528
runs/e1_e2_out/e2_load_default_-meteo.json,2026-07-02 11:27,LGBM-recursive-dam,load,dam,recursive,strict,static,calendar+lags+roll+resfc+loadfc+fuel+genlags+loadlags+other,,,24,24,2025-12-01T00:00:00,2026-02-28T23:00:00,2160,158.6658,203.8664,2.6687
runs/e1_e2_out/e2_load_lags_calendar_meteo.json,2026-07-02 11:28,LGBM-recursive-dam,load,dam,recursive,strict,static,calendar+lags+meteo,,,24,24,2025-12-01T00:00:00,2026-02-28T23:00:00,2160,160.1791,211.2597,2.7531
runs/master_grid_out/ensemble_price_dam_recursive_static.json,2026-07-02 04:51,LEAR-recursive-dam,price,dam,ensemble,strict,static,,,,24,24,2025-12-01T00:00:00,2026-02-28T23:00:00,2160,18.2806,25.3449,26.5914
runs/master_grid_out/lear_price_dam_recursive_static.json,2026-07-02 04:51,LEAR-recursive-dam,price,dam,recursive,strict,static,calendar+lags+roll+forecast+meteo+fuel+crosslags,,,24,24,2025-12-01T00:00:00,2026-02-28T23:00:00,2160,18.2806,25.3449,26.5914
runs/master_grid_out/lgbm_load_dam_direct_monthly.json,2026-07-02 00:33,lgbm_load_dam_direct_monthly,load,dam,direct,strict,monthly,calendar+lags+roll+forecast+meteo+fuel+crosslags,,,24,24,2025-12-01T00:00:00,2026-02-28T23:00:00,2160,257.9575,372.5233,4.3277
runs/master_grid_out/lgbm_load_dam_direct_static.json,2026-07-01 20:18,lgbm_load_dam_direct_static,load,dam,direct,strict,static,calendar+lags+roll+forecast+meteo+fuel+crosslags,,,24,24,2025-12-01T00:00:00,2026-02-28T23:00:00,2160,259.2457,374.7643,4.3516
runs/master_grid_out/lgbm_load_dam_recursive_monthly.json,2026-07-02 00:08,lgbm_load_dam_recursive_monthly,load,dam,recursive,strict,monthly,calendar+lags+roll+forecast+meteo+fuel+crosslags,,,24,24,2025-12-01T00:00:00,2026-02-28T23:00:00,2160,136.6561,178.6084,2.3153
runs/master_grid_out/lgbm_load_dam_recursive_static.json,2026-07-01 20:04,lgbm_load_dam_recursive_static,load,dam,recursive,strict,static,calendar+lags+roll+forecast+meteo+fuel+crosslags,,,24,24,2025-12-01T00:00:00,2026-02-28T23:00:00,2160,132.0611,170.6394,2.2485
runs/master_grid_out/lgbm_load_dam_tf_monthly.json,2026-07-02 00:36,lgbm_load_dam_tf_monthly,load,dam,tf,strict,monthly,calendar+lags+roll+forecast+meteo+fuel+crosslags,,,24,24,2025-12-01T00:00:00,2026-02-28T23:00:00,2160,73.706,95.9289,1.2524
runs/master_grid_out/lgbm_load_dam_tf_static.json,2026-07-01 20:57,lgbm_load_dam_tf_static,load,dam,tf,strict,static,calendar+lags+roll+forecast+meteo+fuel+crosslags,,,24,24,2025-12-01T00:00:00,2026-02-28T23:00:00,2160,73.5385,96.0622,1.2492
runs/master_grid_out/lgbm_price_dam_direct_monthly.json,2026-07-01 22:00,lgbm_price_dam_direct_monthly,price,dam,direct,strict,monthly,calendar+lags+roll+forecast+meteo+fuel+crosslags,,,24,24,2025-12-01T00:00:00,2026-02-28T23:00:00,2160,20.6174,28.5816,28.1145
runs/master_grid_out/lgbm_price_dam_direct_static.json,2026-07-01 19:08,lgbm_price_dam_direct_static,price,dam,direct,strict,static,calendar+lags+roll+forecast+meteo+fuel+crosslags,,,24,24,2025-12-01T00:00:00,2026-02-28T23:00:00,2160,20.6174,28.5816,28.1145
runs/master_grid_out/lgbm_price_dam_direct_weekly.json,2026-07-02 02:59,lgbm_price_dam_direct_weekly,price,dam,direct,strict,weekly,calendar+lags+roll+forecast+meteo+fuel+crosslags,,,24,24,2025-12-01T00:00:00,2026-02-28T23:00:00,2160,20.6174,28.5816,28.1145
runs/master_grid_out/lgbm_price_dam_recursive_monthly.json,2026-07-01 21:40,lgbm_price_dam_recursive_monthly,price,dam,recursive,strict,monthly,calendar+lags+roll+forecast+meteo+fuel+crosslags,,,24,24,2025-12-01T00:00:00,2026-02-28T23:00:00,2160,23.8436,33.2357,29.8117
runs/master_grid_out/lgbm_price_dam_recursive_static.json,2026-07-01 19:04,lgbm_price_dam_recursive_static,price,dam,recursive,strict,static,calendar+lags+roll+forecast+meteo+fuel+crosslags,,,24,24,2025-12-01T00:00:00,2026-02-28T23:00:00,2160,23.8436,33.2357,29.8117
runs/master_grid_out/lgbm_price_dam_recursive_weekly.json,2026-07-02 01:51,lgbm_price_dam_recursive_weekly,price,dam,recursive,strict,weekly,calendar+lags+roll+forecast+meteo+fuel+crosslags,,,24,24,2025-12-01T00:00:00,2026-02-28T23:00:00,2160,23.8436,33.2357,29.8117
runs/master_grid_out/lgbm_price_dam_tf_monthly.json,2026-07-01 22:03,lgbm_price_dam_tf_monthly,price,dam,tf,strict,monthly,calendar+lags+roll+forecast+meteo+fuel+crosslags,,,24,24,2025-12-01T00:00:00,2026-02-28T23:00:00,2160,11.0146,16.3552,20.8768
runs/master_grid_out/lgbm_price_dam_tf_static.json,2026-07-01 20:57,lgbm_price_dam_tf_static,price,dam,tf,strict,static,calendar+lags+roll+forecast+meteo+fuel+crosslags,,,24,24,2025-12-01T00:00:00,2026-02-28T23:00:00,2160,11.0146,16.3552,20.8768
runs/master_grid_out/lgbm_price_dam_tf_weekly.json,2026-07-02 03:01,lgbm_price_dam_tf_weekly,price,dam,tf,strict,weekly,calendar+lags+roll+forecast+meteo+fuel+crosslags,,,24,24,2025-12-01T00:00:00,2026-02-28T23:00:00,2160,11.0146,16.3552,20.8768
runs/master_grid_out/lstm_price_dam_seq2seq_static.json,2026-07-01 20:35,lstm_price_dam_seq2seq_static,price,dam,seq2seq,strict,static,calendar+lags+roll+forecast+meteo+fuel+crosslags,,,24,24,2025-12-01T00:00:00,2026-02-28T23:00:00,2160,33.2027,43.9127,36.2148
runs/master_grid_out/mlp_load_dam_recursive_static.json,2026-07-01 21:34,mlp_load_dam_recursive_static,load,dam,recursive,strict,static,calendar+lags+roll+forecast+meteo+fuel+crosslags,,,24,24,2025-12-01T00:00:00,2026-02-28T23:00:00,2160,116.5428,152.7447,1.9799
runs/master_grid_out/mlp_load_dam_tf_static.json,2026-07-01 21:37,mlp_load_dam_tf_static,load,dam,tf,strict,static,calendar+lags+roll+forecast+meteo+fuel+crosslags,,,24,24,2025-12-01T00:00:00,2026-02-28T23:00:00,2160,89.8807,117.5748,1.5337
runs/master_grid_out/mlp_price_dam_recursive_static.json,2026-07-01 21:25,mlp_price_dam_recursive_static,price,dam,recursive,strict,static,calendar+lags+roll+forecast+meteo+fuel+crosslags,,,24,24,2025-12-01T00:00:00,2026-02-28T23:00:00,2160,27.8706,36.1346,32.8277
runs/master_grid_out/mlp_price_dam_tf_static.json,2026-07-01 21:28,mlp_price_dam_tf_static,price,dam,tf,strict,static,calendar+lags+roll+forecast+meteo+fuel+crosslags,,,24,24,2025-12-01T00:00:00,2026-02-28T23:00:00,2160,13.7859,18.8843,23.1758
runs/master_grid_out/xgb_load_dam_direct_monthly.json,2026-07-02 01:04,xgb_load_dam_direct_monthly,load,dam,direct,strict,monthly,calendar+lags+roll+forecast+meteo+fuel+crosslags,,,24,24,2025-12-01T00:00:00,2026-02-28T23:00:00,2160,261.9679,374.4979,4.4061
runs/master_grid_out/xgb_load_dam_direct_static.json,2026-07-01 21:13,xgb_load_dam_direct_static,load,dam,direct,strict,static,calendar+lags+roll+forecast+meteo+fuel+crosslags,,,24,24,2025-12-01T00:00:00,2026-02-28T23:00:00,2160,257.6637,372.9752,4.3282
runs/master_grid_out/xgb_load_dam_recursive_monthly.json,2026-07-02 00:49,xgb_load_dam_recursive_monthly,load,dam,recursive,strict,monthly,calendar+lags+roll+forecast+meteo+fuel+crosslags,,,24,24,2025-12-01T00:00:00,2026-02-28T23:00:00,2160,140.1127,183.5774,2.389
runs/master_grid_out/xgb_load_dam_recursive_static.json,2026-07-01 21:08,xgb_load_dam_recursive_static,load,dam,recursive,strict,static,calendar+lags+roll+forecast+meteo+fuel+crosslags,,,24,24,2025-12-01T00:00:00,2026-02-28T23:00:00,2160,135.8135,177.1874,2.3238
runs/master_grid_out/xgb_load_dam_tf_monthly.json,2026-07-02 01:11,xgb_load_dam_tf_monthly,load,dam,tf,strict,monthly,calendar+lags+roll+forecast+meteo+fuel+crosslags,,,24,24,2025-12-01T00:00:00,2026-02-28T23:00:00,2160,72.7363,95.0766,1.2403
runs/master_grid_out/xgb_load_dam_tf_static.json,2026-07-01 21:13,xgb_load_dam_tf_static,load,dam,tf,strict,static,calendar+lags+roll+forecast+meteo+fuel+crosslags,,,24,24,2025-12-01T00:00:00,2026-02-28T23:00:00,2160,72.1347,94.8643,1.2291
runs/master_grid_out/xgb_price_dam_direct_monthly.json,2026-07-01 23:10,xgb_price_dam_direct_monthly,price,dam,direct,strict,monthly,calendar+lags+roll+forecast+meteo+fuel+crosslags,,,24,24,2025-12-01T00:00:00,2026-02-28T23:00:00,2160,21.3645,29.3554,28.6736
runs/master_grid_out/xgb_price_dam_direct_static.json,2026-07-01 21:06,xgb_price_dam_direct_static,price,dam,direct,strict,static,calendar+lags+roll+forecast+meteo+fuel+crosslags,,,24,24,2025-12-01T00:00:00,2026-02-28T23:00:00,2160,21.3645,29.3554,28.6736
runs/master_grid_out/xgb_price_dam_direct_weekly.json,2026-07-02 04:23,xgb_price_dam_direct_weekly,price,dam,direct,strict,weekly,calendar+lags+roll+forecast+meteo+fuel+crosslags,,,24,24,2025-12-01T00:00:00,2026-02-28T23:00:00,2160,21.3645,29.3554,28.6736
runs/master_grid_out/xgb_price_dam_recursive_monthly.json,2026-07-01 22:07,xgb_price_dam_recursive_monthly,price,dam,recursive,strict,monthly,calendar+lags+roll+forecast+meteo+fuel+crosslags,,,24,24,2025-12-01T00:00:00,2026-02-28T23:00:00,2160,25.3056,34.9995,30.7598
runs/master_grid_out/xgb_price_dam_recursive_static.json,2026-07-01 21:04,xgb_price_dam_recursive_static,price,dam,recursive,strict,static,calendar+lags+roll+forecast+meteo+fuel+crosslags,,,24,24,2025-12-01T00:00:00,2026-02-28T23:00:00,2160,25.3056,34.9995,30.7598
runs/master_grid_out/xgb_price_dam_recursive_weekly.json,2026-07-02 03:11,xgb_price_dam_recursive_weekly,price,dam,recursive,strict,weekly,calendar+lags+roll+forecast+meteo+fuel+crosslags,,,24,24,2025-12-01T00:00:00,2026-02-28T23:00:00,2160,25.3056,34.9995,30.7598
runs/master_grid_out/xgb_price_dam_tf_monthly.json,2026-07-01 23:55,xgb_price_dam_tf_monthly,price,dam,tf,strict,monthly,calendar+lags+roll+forecast+meteo+fuel+crosslags,,,24,24,2025-12-01T00:00:00,2026-02-28T23:00:00,2160,10.9895,16.4091,20.7942
runs/master_grid_out/xgb_price_dam_tf_static.json,2026-07-01 21:07,xgb_price_dam_tf_static,price,dam,tf,strict,static,calendar+lags+roll+forecast+meteo+fuel+crosslags,,,24,24,2025-12-01T00:00:00,2026-02-28T23:00:00,2160,10.9895,16.4091,20.7942
runs/master_grid_out/xgb_price_dam_tf_weekly.json,2026-07-02 04:32,xgb_price_dam_tf_weekly,price,dam,tf,strict,weekly,calendar+lags+roll+forecast+meteo+fuel+crosslags,,,24,24,2025-12-01T00:00:00,2026-02-28T23:00:00,2160,10.9895,16.4091,20.7942
runs/master_grid_out_2025/lear_price_dam_recursive_monthly.json,2026-07-02 06:40,lear_price_dam_recursive_monthly,price,dam,recursive,strict,monthly,calendar+lags+roll+forecast+meteo+fuel+crosslags,,,24,24,2025-01-01T00:00:00,2025-12-31T23:00:00,8758,19.6295,28.7487,32.3815
runs/master_grid_out_2025/lgbm_price_dam_recursive_monthly.json,2026-07-02 06:10,lgbm_price_dam_recursive_monthly,price,dam,recursive,strict,monthly,calendar+lags+roll+forecast+meteo+fuel+crosslags,,,24,24,2025-01-01T00:00:00,2025-12-31T23:00:00,8758,17.0278,25.5195,29.5185
runs/master_grid_out_2025/lgbm_price_dam_recursive_monthly_noforecast.json,2026-07-02 06:44,LGBM-recursive-dam,price,dam,recursive,strict,monthly,calendar+lags+roll+meteo+fuel+crosslags,,,24,24,2025-01-01T00:00:00,2025-12-31T23:00:00,8758,17.9813,26.9359,30.0204
runs/master_grid_out_2025/xgb_price_dam_recursive_monthly.json,2026-07-02 06:31,xgb_price_dam_recursive_monthly,price,dam,recursive,strict,monthly,calendar+lags+roll+forecast+meteo+fuel+crosslags,,,24,24,2025-01-01T00:00:00,2025-12-31T23:00:00,8758,17.1993,25.8387,29.7013
runs/master_grid_out_dec/ensemble_lgbm_xgb_only.json,2026-07-02 04:57,lgbm_price_dam_recursive_static,price,dam,ensemble,strict,static,,,,24,24,2025-12-01T00:00:00,2025-12-31T23:00:00,744,14.2386,20.549,14.0589
runs/master_grid_out_dec/ensemble_price_dam_recursive_static.json,2026-07-02 04:56,lgbm_price_dam_recursive_static,price,dam,ensemble,strict,static,,,,24,24,2025-12-01T00:00:00,2025-12-31T23:00:00,744,14.2386,20.549,14.0589
runs/master_grid_out_dec/lear_price_dam_recursive_static.json,2026-07-02 04:56,lear_price_dam_recursive_static,price,dam,recursive,strict,static,calendar+lags+roll+forecast+meteo+fuel+crosslags,,,24,24,2025-12-01T00:00:00,2025-12-31T23:00:00,744,16.7579,22.2335,15.3816
runs/master_grid_out_dec/lgbm_price_dam_recursive_static.json,2026-07-02 04:52,lgbm_price_dam_recursive_static,price,dam,recursive,strict,static,calendar+lags+roll+forecast+meteo+fuel+crosslags,,,24,24,2025-12-01T00:00:00,2025-12-31T23:00:00,744,14.2386,20.549,14.0589
runs/master_grid_out_dec/mlp_price_dam_recursive_static.json,2026-07-02 04:56,mlp_price_dam_recursive_static,price,dam,recursive,strict,static,calendar+lags+roll+forecast+meteo+fuel+crosslags,,,24,24,2025-12-01T00:00:00,2025-12-31T23:00:00,744,20.6228,26.6119,18.1279
runs/master_grid_out_dec/xgb_price_dam_recursive_static.json,2026-07-02 04:53,xgb_price_dam_recursive_static,price,dam,recursive,strict,static,calendar+lags+roll+forecast+meteo+fuel+crosslags,,,24,24,2025-12-01T00:00:00,2025-12-31T23:00:00,744,14.6601,20.9068,14.0075
runs/master_grid_out_monthly/lear_price_dam_recursive_monthly.json,2026-07-02 05:42,lear_price_dam_recursive_monthly,price,dam,recursive,strict,monthly,calendar+lags+roll+forecast+meteo+fuel+crosslags,,,24,24,2025-12-01T00:00:00,2026-02-28T23:00:00,2160,17.9413,24.8996,26.5039
runs/master_grid_out_monthly/lgbm_price_dam_recursive_monthly.json,2026-07-02 05:36,lgbm_price_dam_recursive_monthly,price,dam,recursive,strict,monthly,calendar+lags+roll+forecast+meteo+fuel+crosslags,,,24,24,2025-12-01T00:00:00,2026-02-28T23:00:00,2160,19.2609,27.6399,26.5857
runs/master_grid_out_monthly/lgbm_price_dam_recursive_monthly_noforecast.json,2026-07-02 06:06,LGBM-recursive-dam,price,dam,recursive,strict,monthly,calendar+lags+roll+meteo+fuel+crosslags,,,24,24,2025-12-01T00:00:00,2026-02-28T23:00:00,2160,16.2134,23.4331,25.0605
runs/master_grid_out_monthly/mlp_price_dam_recursive_monthly.json,2026-07-02 05:30,mlp_price_dam_recursive_monthly,price,dam,recursive,strict,monthly,calendar+lags+roll+forecast+meteo+fuel+crosslags,,,24,24,2025-12-01T00:00:00,2026-02-28T23:00:00,2160,27.8706,36.1346,32.8277
runs/master_grid_out_monthly/xgb_price_dam_recursive_monthly.json,2026-07-02 05:40,xgb_price_dam_recursive_monthly,price,dam,recursive,strict,monthly,calendar+lags+roll+forecast+meteo+fuel+crosslags,,,24,24,2025-12-01T00:00:00,2026-02-28T23:00:00,2160,18.9228,26.9394,26.5079
runs/master_grid_out_v2/lear_price_dam_recursive_monthly.json,2026-07-02 08:33,lear_price_dam_recursive_monthly,price,dam,recursive,strict,monthly,calendar+lags+roll+forecast+meteo+fuel+crosslags,,,24,24,2025-12-01T00:00:00,2026-02-28T23:00:00,2160,19.0312,25.427,27.1492
runs/master_grid_out_v2/lear_price_dam_recursive_static.json,2026-07-02 08:28,lear_price_dam_recursive_static,price,dam,recursive,strict,static,calendar+lags+roll+forecast+meteo+fuel+crosslags,,,24,24,2025-12-01T00:00:00,2026-02-28T23:00:00,2160,19.4924,25.9227,27.4868
runs/master_grid_out_v2/lear_price_dam_recursive_weekly.json,2026-07-02 08:47,lear_price_dam_recursive_weekly,price,dam,recursive,strict,weekly,calendar+lags+roll+forecast+meteo+fuel+crosslags,,,24,24,2025-12-01T00:00:00,2026-02-28T23:00:00,2160,18.7888,25.1742,26.9248
runs/master_grid_out_v2/lgbm_price_dam_recursive_monthly.json,2026-07-02 08:29,lgbm_price_dam_recursive_monthly,price,dam,recursive,strict,monthly,calendar+lags+roll+forecast+meteo+fuel+crosslags,,,24,24,2025-12-01T00:00:00,2026-02-28T23:00:00,2160,15.7951,22.9863,24.6943
runs/master_grid_out_v2/lgbm_price_dam_recursive_static.json,2026-07-02 08:20,lgbm_price_dam_recursive_static,price,dam,recursive,strict,static,calendar+lags+roll+forecast+meteo+fuel+crosslags,,,24,24,2025-12-01T00:00:00,2026-02-28T23:00:00,2160,16.0963,23.4151,24.903
runs/master_grid_out_v2/lgbm_price_dam_recursive_weekly.json,2026-07-02 08:35,lgbm_price_dam_recursive_weekly,price,dam,recursive,strict,weekly,calendar+lags+roll+forecast+meteo+fuel+crosslags,,,24,24,2025-12-01T00:00:00,2026-02-28T23:00:00,2160,15.1705,22.1898,24.2124
runs/master_grid_out_v2/mlp_price_dam_recursive_static.json,2026-07-02 08:26,mlp_price_dam_recursive_static,price,dam,recursive,strict,static,calendar+lags+roll+forecast+meteo+fuel+crosslags,,,24,24,2025-12-01T00:00:00,2026-02-28T23:00:00,2160,20.4905,27.1128,28.1747
runs/master_grid_out_v2/xgb_price_dam_recursive_monthly.json,2026-07-02 08:31,xgb_price_dam_recursive_monthly,price,dam,recursive,strict,monthly,calendar+lags+roll+forecast+meteo+fuel+crosslags,,,24,24,2025-12-01T00:00:00,2026-02-28T23:00:00,2160,15.9683,23.0513,24.7581
runs/master_grid_out_v2/xgb_price_dam_recursive_static.json,2026-07-02 08:22,xgb_price_dam_recursive_static,price,dam,recursive,strict,static,calendar+lags+roll+forecast+meteo+fuel+crosslags,,,24,24,2025-12-01T00:00:00,2026-02-28T23:00:00,2160,16.2094,23.306,25.0604
runs/master_grid_out_v2/xgb_price_dam_recursive_weekly.json,2026-07-02 08:41,xgb_price_dam_recursive_weekly,price,dam,recursive,strict,weekly,calendar+lags+roll+forecast+meteo+fuel+crosslags,,,24,24,2025-12-01T00:00:00,2026-02-28T23:00:00,2160,15.1974,22.2085,24.1588
runs/master_grid_out_weekly/lear_price_dam_recursive_weekly.json,2026-07-02 06:06,lear_price_dam_recursive_weekly,price,dam,recursive,strict,weekly,calendar+lags+roll+forecast+meteo+fuel+crosslags,,,24,24,2025-12-01T00:00:00,2026-02-28T23:00:00,2160,17.8452,24.8012,26.5226
runs/master_grid_out_weekly/lgbm_price_dam_recursive_weekly.json,2026-07-02 05:49,lgbm_price_dam_recursive_weekly,price,dam,recursive,strict,weekly,calendar+lags+roll+forecast+meteo+fuel+crosslags,,,24,24,2025-12-01T00:00:00,2026-02-28T23:00:00,2160,17.9607,25.9539,25.9776
runs/master_grid_out_weekly/xgb_price_dam_recursive_weekly.json,2026-07-02 05:59,xgb_price_dam_recursive_weekly,price,dam,recursive,strict,weekly,calendar+lags+roll+forecast+meteo+fuel+crosslags,,,24,24,2025-12-01T00:00:00,2026-02-28T23:00:00,2160,17.8078,25.5992,25.8022
runs/overnight_20260705/a_cadence/q1_lgbm_monthly_default.json,2026-07-05 06:40,LGBM-recursive-dam,price,dam,recursive,strict,monthly,calendar+lags+roll+resfc+loadfc+meteo+fuel+genlags+loadlags+other,freeze,12,24,24,2025-12-01T00:00:00,2026-02-28T23:00:00,2160,19.222,27.7957,26.614
runs/overnight_20260705/a_cadence/q1_lgbm_monthly_default_dense.json,2026-07-05 06:25,LGBM-recursive-dam,price,dam,recursive,strict,monthly,calendar+lags+dense+roll+resfc+loadfc+meteo+fuel+genlags+loadlags+other,freeze,12,24,24,2025-12-01T00:00:00,2026-02-28T23:00:00,2160,18.3509,26.5346,26.18
runs/overnight_20260705/a_cadence/q1_lgbm_monthly_default_noresfc.json,2026-07-05 06:35,LGBM-recursive-dam,price,dam,recursive,strict,monthly,calendar+lags+roll+loadfc+meteo+fuel+genlags+loadlags+other,freeze,12,24,24,2025-12-01T00:00:00,2026-02-28T23:00:00,2160,17.6443,25.1778,25.6022
runs/overnight_20260705/a_cadence/q1_lgbm_weekly_default.json,2026-07-05 05:15,LGBM-recursive-dam,price,dam,recursive,strict,weekly,calendar+lags+roll+resfc+loadfc+meteo+fuel+genlags+loadlags+other,freeze,12,24,24,2025-12-01T00:00:00,2026-02-28T23:00:00,2160,17.4312,25.1607,25.4951
runs/overnight_20260705/a_cadence/q1_lgbm_weekly_default_dense.json,2026-07-05 05:03,LGBM-recursive-dam,price,dam,recursive,strict,weekly,calendar+lags+dense+roll+resfc+loadfc+meteo+fuel+genlags+loadlags+other,freeze,12,24,24,2025-12-01T00:00:00,2026-02-28T23:00:00,2160,17.0354,24.6697,25.2392
runs/overnight_20260705/a_cadence/q1_lgbm_weekly_default_noresfc.json,2026-07-05 05:11,LGBM-recursive-dam,price,dam,recursive,strict,weekly,calendar+lags+roll+loadfc+meteo+fuel+genlags+loadlags+other,freeze,12,24,24,2025-12-01T00:00:00,2026-02-28T23:00:00,2160,17.3622,25.0136,25.5377
runs/overnight_20260705/a_cadence/q1_xgb_weekly_default.json,2026-07-05 05:58,XGB-recursive-dam,price,dam,recursive,strict,weekly,calendar+lags+roll+resfc+loadfc+meteo+fuel+genlags+loadlags+other,freeze,12,24,24,2025-12-01T00:00:00,2026-02-28T23:00:00,2160,17.6724,25.1804,25.7047
runs/overnight_20260705/a_cadence/q1_xgb_weekly_default_dense.json,2026-07-05 05:32,XGB-recursive-dam,price,dam,recursive,strict,weekly,calendar+lags+dense+roll+resfc+loadfc+meteo+fuel+genlags+loadlags+other,freeze,12,24,24,2025-12-01T00:00:00,2026-02-28T23:00:00,2160,16.9235,24.339,25.2282
runs/overnight_20260705/a_cadence/q1_xgb_weekly_default_noresfc.json,2026-07-05 05:46,XGB-recursive-dam,price,dam,recursive,strict,weekly,calendar+lags+roll+loadfc+meteo+fuel+genlags+loadlags+other,freeze,12,24,24,2025-12-01T00:00:00,2026-02-28T23:00:00,2160,17.1687,24.4614,25.5219
runs/overnight_20260705/a_cadence/summer_lgbm_monthly_default.json,2026-07-05 06:43,LGBM-recursive-dam,price,dam,recursive,strict,monthly,calendar+lags+roll+resfc+loadfc+meteo+fuel+genlags+loadlags+other,freeze,12,24,24,2025-06-01T00:00:00,2025-08-31T23:00:00,2208,15.0799,21.5576,37.8949
runs/overnight_20260705/a_cadence/summer_lgbm_monthly_default_dense.json,2026-07-05 06:32,LGBM-recursive-dam,price,dam,recursive,strict,monthly,calendar+lags+dense+roll+resfc+loadfc+meteo+fuel+genlags+loadlags+other,freeze,12,24,24,2025-06-01T00:00:00,2025-08-31T23:00:00,2208,14.0626,20.6472,36.8556
runs/overnight_20260705/a_cadence/summer_lgbm_monthly_default_noresfc.json,2026-07-05 06:38,LGBM-recursive-dam,price,dam,recursive,strict,monthly,calendar+lags+roll+loadfc+meteo+fuel+genlags+loadlags+other,freeze,12,24,24,2025-06-01T00:00:00,2025-08-31T23:00:00,2208,15.5456,22.2059,38.439
runs/overnight_20260705/a_cadence/summer_lgbm_weekly_default.json,2026-07-05 05:20,LGBM-recursive-dam,price,dam,recursive,strict,weekly,calendar+lags+roll+resfc+loadfc+meteo+fuel+genlags+loadlags+other,freeze,12,24,24,2025-06-01T00:00:00,2025-08-31T23:00:00,2208,14.1468,20.5031,36.8789
runs/overnight_20260705/a_cadence/summer_lgbm_weekly_default_dense.json,2026-07-05 05:06,LGBM-recursive-dam,price,dam,recursive,strict,weekly,calendar+lags+dense+roll+resfc+loadfc+meteo+fuel+genlags+loadlags+other,freeze,12,24,24,2025-06-01T00:00:00,2025-08-31T23:00:00,2208,13.8123,20.6914,36.4506
runs/overnight_20260705/a_cadence/summer_lgbm_weekly_default_noresfc.json,2026-07-05 05:13,LGBM-recursive-dam,price,dam,recursive,strict,weekly,calendar+lags+roll+loadfc+meteo+fuel+genlags+loadlags+other,freeze,12,24,24,2025-06-01T00:00:00,2025-08-31T23:00:00,2208,15.0502,21.6317,38.3157
runs/overnight_20260705/a_cadence/summer_xgb_weekly_default.json,2026-07-05 06:18,XGB-recursive-dam,price,dam,recursive,strict,weekly,calendar+lags+roll+resfc+loadfc+meteo+fuel+genlags+loadlags+other,freeze,12,24,24,2025-06-01T00:00:00,2025-08-31T23:00:00,2208,14.5732,21.1142,37.8526
runs/overnight_20260705/a_cadence/summer_xgb_weekly_default_dense.json,2026-07-05 05:39,XGB-recursive-dam,price,dam,recursive,strict,weekly,calendar+lags+dense+roll+resfc+loadfc+meteo+fuel+genlags+loadlags+other,freeze,12,24,24,2025-06-01T00:00:00,2025-08-31T23:00:00,2208,14.4001,21.3702,37.2376
runs/overnight_20260705/a_cadence/summer_xgb_weekly_default_noresfc.json,2026-07-05 05:52,XGB-recursive-dam,price,dam,recursive,strict,weekly,calendar+lags+roll+loadfc+meteo+fuel+genlags+loadlags+other,freeze,12,24,24,2025-06-01T00:00:00,2025-08-31T23:00:00,2208,14.9588,21.6844,38.2424
runs/p1_out/lgbm_xborder_monthly_q1.json,2026-07-04 06:47,LGBM-recursive-dam,price,dam,recursive,strict,monthly,calendar+lags+roll+resfc+loadfc+xborder+meteo+fuel+genlags+loadlags+other,,,24,24,2025-12-01T00:00:00,2026-02-28T23:00:00,2160,15.9288,23.3785,24.6166
runs/p1_out/lgbm_xborder_summer_static.json,2026-07-04 06:55,LGBM-recursive-dam,price,dam,recursive,strict,static,calendar+lags+roll+resfc+loadfc+xborder+meteo+fuel+genlags+loadlags+other,,,24,24,2025-06-01T00:00:00,2025-08-31T23:00:00,2208,13.9152,19.8573,36.5531
runs/p1_out/lgbm_xborder_weekly_q1.json,2026-07-04 06:53,LGBM-recursive-dam,price,dam,recursive,strict,weekly,calendar+lags+roll+resfc+loadfc+xborder+meteo+fuel+genlags+loadlags+other,,,24,24,2025-12-01T00:00:00,2026-02-28T23:00:00,2160,15.5755,22.9692,24.4049
runs/p2_out/ablation_lear_q1/lear_price_dam_recursive_default-fuel.json,2026-07-04 07:12,lear_price_dam_recursive_default-fuel,price,dam,recursive,strict,static,calendar+lags+roll+resfc+loadfc+meteo+genlags+loadlags+other,,,24,24,2025-12-01T00:00:00,2026-02-28T23:00:00,2160,18.9875,25.442,27.1146
runs/p2_out/ablation_lear_q1/lear_price_dam_recursive_default-genlags.json,2026-07-04 07:10,lear_price_dam_recursive_default-genlags,price,dam,recursive,strict,static,calendar+lags+roll+resfc+loadfc+meteo+fuel+loadlags+other,,,24,24,2025-12-01T00:00:00,2026-02-28T23:00:00,2160,19.6161,26.1822,27.4612
runs/p2_out/ablation_lear_q1/lear_price_dam_recursive_default-resfc.json,2026-07-04 07:11,lear_price_dam_recursive_default-resfc,price,dam,recursive,strict,static,calendar+lags+roll+loadfc+meteo+fuel+genlags+loadlags+other,,,24,24,2025-12-01T00:00:00,2026-02-28T23:00:00,2160,18.4978,25.8708,26.8398
runs/p2_out/ablation_lear_q1/lear_price_dam_recursive_default-xborder.json,2026-07-04 07:13,lear_price_dam_recursive_default-xborder,price,dam,recursive,strict,static,calendar+lags+roll+resfc+loadfc+xborder+meteo+fuel+genlags+loadlags+other,,,24,24,2025-12-01T00:00:00,2026-02-28T23:00:00,2160,19.3344,25.717,27.3913
runs/p2_out/ablation_lear_q1/lear_price_dam_recursive_default.json,2026-07-04 07:09,lear_price_dam_recursive_default,price,dam,recursive,strict,static,calendar+lags+roll+resfc+loadfc+meteo+fuel+genlags+loadlags+other,,,24,24,2025-12-01T00:00:00,2026-02-28T23:00:00,2160,19.4924,25.9227,27.4868
runs/p2_out/ablation_lear_q1/lear_price_dam_recursive_lags-calendar.json,2026-07-04 07:12,lear_price_dam_recursive_lags-calendar,price,dam,recursive,strict,static,calendar+lags,,,24,24,2025-12-01T00:00:00,2026-02-28T23:00:00,2160,19.5904,28.7206,27.8573
runs/p2_out/ablation_mlp_q1/mlp_price_dam_recursive_default-genlags.json,2026-07-04 07:24,mlp_price_dam_recursive_default-genlags,price,dam,recursive,strict,static,calendar+lags+roll+resfc+loadfc+meteo+fuel+loadlags+other,,,24,24,2025-12-01T00:00:00,2026-02-28T23:00:00,2160,21.8503,29.2835,29.2607
runs/p2_out/ablation_mlp_q1/mlp_price_dam_recursive_default.json,2026-07-04 07:18,mlp_price_dam_recursive_default,price,dam,recursive,strict,static,calendar+lags+roll+resfc+loadfc+meteo+fuel+genlags+loadlags+other,,,24,24,2025-12-01T00:00:00,2026-02-28T23:00:00,2160,20.4905,27.1128,28.1747
runs/p2_out/ablation_mlp_q1/mlp_price_dam_recursive_lags-calendar.json,2026-07-04 07:26,mlp_price_dam_recursive_lags-calendar,price,dam,recursive,strict,static,calendar+lags,,,24,24,2025-12-01T00:00:00,2026-02-28T23:00:00,2160,18.9107,27.1816,27.3703
runs/p2_out/ablation_xgb_summer/xgb_price_dam_recursive_default-genlags.json,2026-07-04 07:03,xgb_price_dam_recursive_default-genlags,price,dam,recursive,strict,static,calendar+lags+roll+resfc+loadfc+meteo+fuel+loadlags+other,,,24,24,2025-06-01T00:00:00,2025-08-31T23:00:00,2208,16.2264,22.4162,39.2619
runs/p2_out/ablation_xgb_summer/xgb_price_dam_recursive_default-loadfc.json,2026-07-04 07:01,xgb_price_dam_recursive_default-loadfc,price,dam,recursive,strict,static,calendar+lags+roll+resfc+meteo+fuel+genlags+loadlags+other,,,24,24,2025-06-01T00:00:00,2025-08-31T23:00:00,2208,14.7261,21.0501,37.699
runs/p2_out/ablation_xgb_summer/xgb_price_dam_recursive_default-loadlags.json,2026-07-04 07:04,xgb_price_dam_recursive_default-loadlags,price,dam,recursive,strict,static,calendar+lags+roll+resfc+loadfc+meteo+fuel+genlags+other,,,24,24,2025-06-01T00:00:00,2025-08-31T23:00:00,2208,15.4473,21.6362,38.3746
runs/p2_out/ablation_xgb_summer/xgb_price_dam_recursive_default-resfc.json,2026-07-04 07:00,xgb_price_dam_recursive_default-resfc,price,dam,recursive,strict,static,calendar+lags+roll+loadfc+meteo+fuel+genlags+loadlags+other,,,24,24,2025-06-01T00:00:00,2025-08-31T23:00:00,2208,16.2442,22.9767,39.0675
runs/p2_out/ablation_xgb_summer/xgb_price_dam_recursive_default.json,2026-07-04 06:58,xgb_price_dam_recursive_default,price,dam,recursive,strict,static,calendar+lags+roll+resfc+loadfc+meteo+fuel+genlags+loadlags+other,,,24,24,2025-06-01T00:00:00,2025-08-31T23:00:00,2208,15.0259,21.2877,38.079
runs/p2_out/ablation_xgb_summer/xgb_price_dam_recursive_lags-calendar-genlags.json,2026-07-04 07:06,xgb_price_dam_recursive_lags-calendar-genlags,price,dam,recursive,strict,static,calendar+lags+genlags,,,24,24,2025-06-01T00:00:00,2025-08-31T23:00:00,2208,16.2941,23.5827,39.0271
runs/p2_out/ablation_xgb_summer/xgb_price_dam_recursive_lags-calendar-resfc-genlags.json,2026-07-04 07:08,xgb_price_dam_recursive_lags-calendar-resfc-genlags,price,dam,recursive,strict,static,calendar+lags+resfc+genlags,,,24,24,2025-06-01T00:00:00,2025-08-31T23:00:00,2208,15.1467,21.8836,38.0134
runs/p2_out/ablation_xgb_summer/xgb_price_dam_recursive_lags-calendar-resfc-loadfc.json,2026-07-04 07:07,xgb_price_dam_recursive_lags-calendar-resfc-loadfc,price,dam,recursive,strict,static,calendar+lags+resfc+loadfc,,,24,24,2025-06-01T00:00:00,2025-08-31T23:00:00,2208,14.7037,21.4718,37.717
runs/p2_out/ablation_xgb_summer/xgb_price_dam_recursive_lags-calendar-resfc.json,2026-07-04 07:06,xgb_price_dam_recursive_lags-calendar-resfc,price,dam,recursive,strict,static,calendar+lags+resfc,,,24,24,2025-06-01T00:00:00,2025-08-31T23:00:00,2208,15.1294,22.3702,38.0193
runs/p2_out/ablation_xgb_summer/xgb_price_dam_recursive_lags-calendar.json,2026-07-04 07:05,xgb_price_dam_recursive_lags-calendar,price,dam,recursive,strict,static,calendar+lags,,,24,24,2025-06-01T00:00:00,2025-08-31T23:00:00,2208,17.1991,25.0041,40.6892
runs/p3_out/ensemble_weekly_lgbm_xgb.json,2026-07-04 07:40,ensemble_mean,price,dam,ensemble,strict,weekly,,,,24,24,2025-12-01T00:00:00,2026-02-28T23:00:00,2160,15.023,22.0185,24.0731
runs/p3_out/xgb_default_weekly_q1.json,2026-07-04 07:40,XGB-recursive-dam,price,dam,recursive,strict,weekly,calendar+lags+roll+resfc+loadfc+meteo+fuel+genlags+loadlags+other,,,24,24,2025-12-01T00:00:00,2026-02-28T23:00:00,2160,15.1974,22.2085,24.1588
runs/p4_out/ablation_direct_lgbm_q1/lgbm_price_dam_direct_default-dense.json,2026-07-04 10:13,lgbm_price_dam_direct_default-dense,price,dam,direct,strict,static,calendar+lags+dense+roll+resfc+loadfc+meteo+fuel+genlags+loadlags+other,,,24,24,2025-12-01T00:00:00,2026-02-28T23:00:00,2160,19.0034,27.3065,26.9294
runs/p4_out/ablation_direct_lgbm_q1/lgbm_price_dam_direct_default-fuel.json,2026-07-04 08:53,lgbm_price_dam_direct_default-fuel,price,dam,direct,strict,static,calendar+lags+roll+resfc+loadfc+meteo+genlags+loadlags+other,,,24,24,2025-12-01T00:00:00,2026-02-28T23:00:00,2160,19.5136,27.5643,27.4956
runs/p4_out/ablation_direct_lgbm_q1/lgbm_price_dam_direct_default-genlags.json,2026-07-04 08:26,lgbm_price_dam_direct_default-genlags,price,dam,direct,strict,static,calendar+lags+roll+resfc+loadfc+meteo+fuel+loadlags+other,,,24,24,2025-12-01T00:00:00,2026-02-28T23:00:00,2160,19.6874,27.2792,27.6208
runs/p4_out/ablation_direct_lgbm_q1/lgbm_price_dam_direct_default-loadfc.json,2026-07-04 08:17,lgbm_price_dam_direct_default-loadfc,price,dam,direct,strict,static,calendar+lags+roll+resfc+meteo+fuel+genlags+loadlags+other,,,24,24,2025-12-01T00:00:00,2026-02-28T23:00:00,2160,19.2268,27.1545,27.1833
runs/p4_out/ablation_direct_lgbm_q1/lgbm_price_dam_direct_default-loadlags.json,2026-07-04 08:36,lgbm_price_dam_direct_default-loadlags,price,dam,direct,strict,static,calendar+lags+roll+resfc+loadfc+meteo+fuel+genlags+other,,,24,24,2025-12-01T00:00:00,2026-02-28T23:00:00,2160,19.6208,27.5226,27.4226
runs/p4_out/ablation_direct_lgbm_q1/lgbm_price_dam_direct_default-meteo.json,2026-07-04 08:44,lgbm_price_dam_direct_default-meteo,price,dam,direct,strict,static,calendar+lags+roll+resfc+loadfc+fuel+genlags+loadlags+other,,,24,24,2025-12-01T00:00:00,2026-02-28T23:00:00,2160,19.9814,27.9633,28.2454
runs/p4_out/ablation_direct_lgbm_q1/lgbm_price_dam_direct_default-resfc.json,2026-07-04 08:08,lgbm_price_dam_direct_default-resfc,price,dam,direct,strict,static,calendar+lags+roll+loadfc+meteo+fuel+genlags+loadlags+other,,,24,24,2025-12-01T00:00:00,2026-02-28T23:00:00,2160,19.4509,27.0581,27.6801
runs/p4_out/ablation_direct_lgbm_q1/lgbm_price_dam_direct_default.json,2026-07-04 07:59,lgbm_price_dam_direct_default,price,dam,direct,strict,static,calendar+lags+roll+resfc+loadfc+meteo+fuel+genlags+loadlags+other,,,24,24,2025-12-01T00:00:00,2026-02-28T23:00:00,2160,19.4953,27.359,27.3566
runs/p4_out/ablation_direct_lgbm_q1/lgbm_price_dam_direct_lags-calendar-dense.json,2026-07-04 10:17,lgbm_price_dam_direct_lags-calendar-dense,price,dam,direct,strict,static,calendar+lags+dense,,,24,24,2025-12-01T00:00:00,2026-02-28T23:00:00,2160,19.1241,27.8866,27.7738
runs/p4_out/ablation_direct_lgbm_q1/lgbm_price_dam_direct_lags-calendar-genlags-loadlags.json,2026-07-04 09:46,lgbm_price_dam_direct_lags-calendar-genlags-loadlags,price,dam,direct,strict,static,calendar+lags+genlags+loadlags,,,24,24,2025-12-01T00:00:00,2026-02-28T23:00:00,2160,20.8778,28.7945,29.9988
runs/p4_out/ablation_direct_lgbm_q1/lgbm_price_dam_direct_lags-calendar-genlags.json,2026-07-04 09:24,lgbm_price_dam_direct_lags-calendar-genlags,price,dam,direct,strict,static,calendar+lags+genlags,,,24,24,2025-12-01T00:00:00,2026-02-28T23:00:00,2160,21.105,29.347,30.0306
runs/p4_out/ablation_direct_lgbm_q1/lgbm_price_dam_direct_lags-calendar-loadfc.json,2026-07-04 09:16,lgbm_price_dam_direct_lags-calendar-loadfc,price,dam,direct,strict,static,calendar+lags+loadfc,,,24,24,2025-12-01T00:00:00,2026-02-28T23:00:00,2160,20.0592,28.4759,29.2935
runs/p4_out/ablation_direct_lgbm_q1/lgbm_price_dam_direct_lags-calendar-loadlags.json,2026-07-04 09:31,lgbm_price_dam_direct_lags-calendar-loadlags,price,dam,direct,strict,static,calendar+lags+loadlags,,,24,24,2025-12-01T00:00:00,2026-02-28T23:00:00,2160,20.3322,28.6837,29.374
runs/p4_out/ablation_direct_lgbm_q1/lgbm_price_dam_direct_lags-calendar-resfc-genlags.json,2026-07-04 09:56,lgbm_price_dam_direct_lags-calendar-resfc-genlags,price,dam,direct,strict,static,calendar+lags+resfc+genlags,,,24,24,2025-12-01T00:00:00,2026-02-28T23:00:00,2160,20.9051,29.2798,29.6207
runs/p4_out/ablation_direct_lgbm_q1/lgbm_price_dam_direct_lags-calendar-resfc-loadfc-genlags-loadlags.json,2026-07-04 10:00,lgbm_price_dam_direct_lags-calendar-resfc-loadfc-genlags-loadlags,price,dam,direct,strict,static,calendar+lags+resfc+loadfc+genlags+loadlags,,,24,24,2025-12-01T00:00:00,2026-02-28T23:00:00,2160,20.9339,28.9389,29.6698
runs/p4_out/ablation_direct_lgbm_q1/lgbm_price_dam_direct_lags-calendar-resfc-loadfc.json,2026-07-04 09:38,lgbm_price_dam_direct_lags-calendar-resfc-loadfc,price,dam,direct,strict,static,calendar+lags+resfc+loadfc,,,24,24,2025-12-01T00:00:00,2026-02-28T23:00:00,2160,20.5362,28.8362,29.4175
runs/p4_out/ablation_direct_lgbm_q1/lgbm_price_dam_direct_lags-calendar-resfc.json,2026-07-04 09:09,lgbm_price_dam_direct_lags-calendar-resfc,price,dam,direct,strict,static,calendar+lags+resfc,,,24,24,2025-12-01T00:00:00,2026-02-28T23:00:00,2160,20.6612,29.083,29.6309
runs/p4_out/ablation_direct_lgbm_q1/lgbm_price_dam_direct_lags-calendar.json,2026-07-04 09:01,lgbm_price_dam_direct_lags-calendar,price,dam,direct,strict,static,calendar+lags,,,24,24,2025-12-01T00:00:00,2026-02-28T23:00:00,2160,20.2396,28.6811,29.308
runs/p4_out/ablation_direct_xgb_q1/xgb_price_dam_direct_default-fuel.json,2026-07-04 11:00,xgb_price_dam_direct_default-fuel,price,dam,direct,strict,static,calendar+lags+roll+resfc+loadfc+meteo+genlags+loadlags+other,,,24,24,2025-12-01T00:00:00,2026-02-28T23:00:00,2160,19.5609,27.6869,27.4022
runs/p4_out/ablation_direct_xgb_q1/xgb_price_dam_direct_default-genlags.json,2026-07-04 10:49,xgb_price_dam_direct_default-genlags,price,dam,direct,strict,static,calendar+lags+roll+resfc+loadfc+meteo+fuel+loadlags+other,,,24,24,2025-12-01T00:00:00,2026-02-28T23:00:00,2160,19.7682,27.48,27.6781
runs/p4_out/ablation_direct_xgb_q1/xgb_price_dam_direct_default-loadfc.json,2026-07-04 10:45,xgb_price_dam_direct_default-loadfc,price,dam,direct,strict,static,calendar+lags+roll+resfc+meteo+fuel+genlags+loadlags+other,,,24,24,2025-12-01T00:00:00,2026-02-28T23:00:00,2160,19.5885,27.5126,27.4111
runs/p4_out/ablation_direct_xgb_q1/xgb_price_dam_direct_default-loadlags.json,2026-07-04 10:54,xgb_price_dam_direct_default-loadlags,price,dam,direct,strict,static,calendar+lags+roll+resfc+loadfc+meteo+fuel+genlags+other,,,24,24,2025-12-01T00:00:00,2026-02-28T23:00:00,2160,19.8224,27.6509,27.7023
runs/p4_out/ablation_direct_xgb_q1/xgb_price_dam_direct_default-meteo.json,2026-07-04 10:57,xgb_price_dam_direct_default-meteo,price,dam,direct,strict,static,calendar+lags+roll+resfc+loadfc+fuel+genlags+loadlags+other,,,24,24,2025-12-01T00:00:00,2026-02-28T23:00:00,2160,19.8851,27.7425,28.0854
runs/p4_out/ablation_direct_xgb_q1/xgb_price_dam_direct_default-resfc.json,2026-07-04 10:42,xgb_price_dam_direct_default-resfc,price,dam,direct,strict,static,calendar+lags+roll+loadfc+meteo+fuel+genlags+loadlags+other,,,24,24,2025-12-01T00:00:00,2026-02-28T23:00:00,2160,19.277,26.9553,27.3271
runs/p4_out/ablation_direct_xgb_q1/xgb_price_dam_direct_default.json,2026-07-04 10:38,xgb_price_dam_direct_default,price,dam,direct,strict,static,calendar+lags+roll+resfc+loadfc+meteo+fuel+genlags+loadlags+other,,,24,24,2025-12-01T00:00:00,2026-02-28T23:00:00,2160,19.594,27.3467,27.4389
runs/p4_out/ablation_direct_xgb_q1/xgb_price_dam_direct_lags-calendar-genlags-loadlags.json,2026-07-04 11:04,xgb_price_dam_direct_lags-calendar-genlags-loadlags,price,dam,direct,strict,static,calendar+lags+genlags+loadlags,,,24,24,2025-12-01T00:00:00,2026-02-28T23:00:00,2160,20.5747,28.2479,29.6805
runs/p4_out/ablation_direct_xgb_q1/xgb_price_dam_direct_lags-calendar-resfc-loadfc.json,2026-07-04 11:02,xgb_price_dam_direct_lags-calendar-resfc-loadfc,price,dam,direct,strict,static,calendar+lags+resfc+loadfc,,,24,24,2025-12-01T00:00:00,2026-02-28T23:00:00,2160,20.5098,28.6153,29.2835
runs/p4_out/ablation_direct_xgb_q1/xgb_price_dam_direct_lags-calendar.json,2026-07-04 11:01,xgb_price_dam_direct_lags-calendar,price,dam,direct,strict,static,calendar+lags,,,24,24,2025-12-01T00:00:00,2026-02-28T23:00:00,2160,19.9143,28.1081,29.133
runs/p4_out/ensemble_crossstrategy_direct_recursive.json,2026-07-04 11:04,LGBM-recursive-dam,price,dam,ensemble,strict,static,,,,24,24,2025-12-01T00:00:00,2026-02-28T23:00:00,2160,16.0963,23.4151,24.903
runs/p4_out/lgbm_direct_default_monthly_q1.json,2026-07-04 10:31,LGBM-direct-dam,price,dam,direct,strict,monthly,calendar+lags+roll+resfc+loadfc+meteo+fuel+genlags+loadlags+other,,,24,24,2025-12-01T00:00:00,2026-02-28T23:00:00,2160,19.5891,27.449,27.5102
runs/p5_out/lgbm_ss_linear_default_monthly_q1.json,2026-07-04 07:48,LGBM-recursive-dam,price,dam,recursive,strict,monthly,calendar+lags+roll+resfc+loadfc+meteo+fuel+genlags+loadlags+other,,,24,24,2025-12-01T00:00:00,2026-02-28T23:00:00,2160,15.5517,22.6956,24.7262
runs/p6_out/lgbm_weekly_default_march2026.json,2026-07-04 11:12,LGBM-recursive-dam,price,dam,recursive,strict,weekly,calendar+lags+roll+resfc+loadfc+meteo+fuel+genlags+loadlags+other,,,24,24,2026-03-01T00:00:00,2026-03-19T23:00:00,456,17.6659,24.4122,51.0194
runs/p6_out/lgbm_weekly_default_seed43.json,2026-07-04 11:09,LGBM-recursive-dam,price,dam,recursive,strict,weekly,calendar+lags+roll+resfc+loadfc+meteo+fuel+genlags+loadlags+other,,,24,24,2025-12-01T00:00:00,2026-02-28T23:00:00,2160,15.4291,22.5172,24.3218
runs/p6_out/lgbm_weekly_default_seed44.json,2026-07-04 11:11,LGBM-recursive-dam,price,dam,recursive,strict,weekly,calendar+lags+roll+resfc+loadfc+meteo+fuel+genlags+loadlags+other,,,24,24,2025-12-01T00:00:00,2026-02-28T23:00:00,2160,15.2182,22.2908,24.2225
runs/preflight_out/lgbm_default_static_q1.json,2026-07-04 06:44,LGBM-recursive-dam,price,dam,recursive,strict,static,calendar+lags+roll+resfc+loadfc+meteo+fuel+genlags+loadlags+other,,,24,24,2025-12-01T00:00:00,2026-02-28T23:00:00,2160,16.0963,23.4151,24.903
runs/ss_out/nossf.json,2026-07-02 11:30,LGBM-recursive-dam,price,dam,recursive,strict,static,calendar+lags+roll+resfc+loadfc+meteo+fuel+genlags+loadlags+other,,,24,24,2025-12-01T00:00:00,2026-02-28T23:00:00,2160,16.0963,23.4151,24.903
runs/ss_out/ss_exp.json,2026-07-02 11:32,LGBM-recursive-dam,price,dam,recursive,strict,static,calendar+lags+roll+resfc+loadfc+meteo+fuel+genlags+loadlags+other,,,24,24,2025-12-01T00:00:00,2026-02-28T23:00:00,2160,16.2815,23.6322,25.2466
runs/ss_out/ss_linear.json,2026-07-02 11:31,LGBM-recursive-dam,price,dam,recursive,strict,static,calendar+lags+roll+resfc+loadfc+meteo+fuel+genlags+loadlags+other,,,24,24,2025-12-01T00:00:00,2026-02-28T23:00:00,2160,15.8301,23.1255,25.3373
runs/ss_out/ss_linear_no_fuel.json,2026-07-02 11:37,LGBM-recursive-dam,price,dam,recursive,strict,static,calendar+lags+roll+resfc+loadfc+meteo+genlags+loadlags+other,,,24,24,2025-12-01T00:00:00,2026-02-28T23:00:00,2160,15.3777,22.7588,24.6829
runs/ss_out/ss_linear_no_loadfc.json,2026-07-02 11:39,LGBM-recursive-dam,price,dam,recursive,strict,static,calendar+lags+roll+resfc+meteo+fuel+genlags+loadlags+other,,,24,24,2025-12-01T00:00:00,2026-02-28T23:00:00,2160,16.2858,23.7971,25.568
runs/ss_out/ss_linear_no_loadlags.json,2026-07-02 11:36,LGBM-recursive-dam,price,dam,recursive,strict,static,calendar+lags+roll+resfc+loadfc+meteo+fuel+genlags+other,,,24,24,2025-12-01T00:00:00,2026-02-28T23:00:00,2160,15.5146,22.9222,24.6
runs/ss_out/ss_linear_no_meteo.json,2026-07-02 11:35,LGBM-recursive-dam,price,dam,recursive,strict,static,calendar+lags+roll+resfc+loadfc+fuel+genlags+loadlags+other,,,24,24,2025-12-01T00:00:00,2026-02-28T23:00:00,2160,15.7508,23.0817,25.204
runs/ss_out/ss_linear_no_resfc.json,2026-07-02 11:38,LGBM-recursive-dam,price,dam,recursive,strict,static,calendar+lags+roll+loadfc+meteo+fuel+genlags+loadlags+other,,,24,24,2025-12-01T00:00:00,2026-02-28T23:00:00,2160,16.931,24.635,25.4893
runs/ss_out/ss_step.json,2026-07-02 11:33,LGBM-recursive-dam,price,dam,recursive,strict,static,calendar+lags+roll+resfc+loadfc+meteo+fuel+genlags+loadlags+other,,,24,24,2025-12-01T00:00:00,2026-02-28T23:00:00,2160,16.2847,23.5515,25.1348
runs/step9_out/ensemble_q1.json,2026-07-02 11:49,ensemble_median,price,dam,ensemble,strict,static,,,,24,24,2025-12-01T00:00:00,2026-02-28T23:00:00,2160,16.0418,22.9299,24.7689
runs/step9_out/lear_q1_static_default.json,2026-07-02 11:47,LEAR-recursive-dam,price,dam,recursive,strict,static,calendar+lags+roll+resfc+loadfc+meteo+fuel+genlags+loadlags+other,,,24,24,2025-12-01T00:00:00,2026-02-28T23:00:00,2160,19.4924,25.9227,27.4868
runs/step9_out/lstm_q1_static.json,2026-07-02 11:56,LSTM-seq2seq-dam,price,dam,seq2seq,strict,static,calendar+lags+roll+resfc+loadfc+meteo+fuel+genlags+loadlags+other,,,24,24,2025-12-01T00:00:00,2026-02-28T23:00:00,2160,44.1577,52.0758,43.9906
runs/step9_out/xgb_q1_static_default.json,2026-07-02 11:48,XGB-recursive-dam,price,dam,recursive,strict,static,calendar+lags+roll+resfc+loadfc+meteo+fuel+genlags+loadlags+other,,,24,24,2025-12-01T00:00:00,2026-02-28T23:00:00,2160,16.2094,23.306,25.0604
runs/tzfix_out/lgbm_default_-meteo_-resfc_static_q1_tzfix.json,2026-07-04 14:40,LGBM-recursive-dam,price,dam,recursive,strict,static,calendar+lags+roll+loadfc+fuel+genlags+loadlags+other,,,24,24,2025-12-01T00:00:00,2026-02-28T23:00:00,2160,16.5446,23.6245,25.6162
runs/tzfix_out/lgbm_default_-meteo_static_q1_tzfix.json,2026-07-04 14:39,LGBM-recursive-dam,price,dam,recursive,strict,static,calendar+lags+roll+resfc+loadfc+fuel+genlags+loadlags+other,,,24,24,2025-12-01T00:00:00,2026-02-28T23:00:00,2160,18.9005,26.8927,27.365
runs/tzfix_out/lgbm_default_static_q1_CONTROL_olddata.json,2026-07-04 14:37,LGBM-recursive-dam,price,dam,recursive,strict,static,calendar+lags+roll+resfc+loadfc+meteo+fuel+genlags+loadlags+other,,,24,24,2025-12-01T00:00:00,2026-02-28T23:00:00,2160,16.0963,23.4151,24.903
runs/tzfix_out/lgbm_default_static_q1_tzfix.json,2026-07-04 14:34,LGBM-recursive-dam,price,dam,recursive,strict,static,calendar+lags+roll+resfc+loadfc+meteo+fuel+genlags+loadlags+other,,,24,24,2025-12-01T00:00:00,2026-02-28T23:00:00,2160,19.1745,27.2823,26.9294
runs/tzfix_out/lgbm_lags_calendar_genlags_static_q1_tzfix.json,2026-07-04 14:41,LGBM-recursive-dam,price,dam,recursive,strict,static,calendar+lags+genlags,,,24,24,2025-12-01T00:00:00,2026-02-28T23:00:00,2160,17.1566,24.3008,26.3888
runs/tzfix_out/lgbm_lags_calendar_resfc_genlags_static_q1_tzfix.json,2026-07-04 14:41,LGBM-recursive-dam,price,dam,recursive,strict,static,calendar+lags+resfc+genlags,,,24,24,2025-12-01T00:00:00,2026-02-28T23:00:00,2160,19.374,27.3882,27.6679
